label,gcm,ssp,period,suitable_area_km2,area_change_pct,novel_climate_pct
MPI-ESM1-2-HR SSP245 2041-2060,MPI-ESM1-2-HR,245,2041-2060,258085.48688271345,31.068162726404772,0.00774425376370733
MPI-ESM1-2-HR SSP245 2061-2080,MPI-ESM1-2-HR,245,2061-2080,281568.06975297467,42.99374223128563,0.00774425376370733
MPI-ESM1-2-HR SSP585 2041-2060,MPI-ESM1-2-HR,585,2041-2060,273445.7771882361,38.868853317751274,0.00774425376370733
MPI-ESM1-2-HR SSP585 2061-2080,MPI-ESM1-2-HR,585,2061-2080,335320.67537870584,70.29188807519857,0.00774425376370733
UKESM1-0-LL SSP245 2041-2060,UKESM1-0-LL,245,2041-2060,365019.16343937453,85.3742017414175,0.00774425376370733
UKESM1-0-LL SSP245 2061-2080,UKESM1-0-LL,245,2061-2080,429904.57772709697,118.32612066236872,0.00774425376370733
UKESM1-0-LL SSP585 2041-2060,UKESM1-0-LL,585,2041-2060,436582.0083296127,121.71723951750427,0.03252586580757078
UKESM1-0-LL SSP585 2061-2080,UKESM1-0-LL,585,2061-2080,526347.4340337804,167.3044190428125,11.376308778886067
Ensemble mean SSP245 2041-2060,ensemble mean,245,2041-2060,306116.23287041124,55.460474386483035,0.00774425376370733
Ensemble mean SSP245 2061-2080,ensemble mean,245,2061-2080,360459.0549353848,83.05836038718199,0.00774425376370733
Ensemble mean SSP585 2041-2060,ensemble mean,585,2041-2060,359087.7143412221,82.36192799836378,0.03252586580757078
Ensemble mean SSP585 2061-2080,ensemble mean,585,2061-2080,468317.06785530277,137.83382164804286,11.376308778886067
