lon,lat
43.9807,36.191708
44.222572,33.2211
44.247433,33.515244
44.264973,33.30598
43.116215,36.297153
44.26051,34.16254
43.123726,36.390743
45.728703,32.493114
46.098846,30.950966
47.703323,30.531363
44.459072,32.809574
44.36554,33.94051
44.655991,33.764187
47.61374,30.449314
42.941135,36.880764
44.57646,33.07716
44.418365,33.314846
43.57204,33.2434
43.880167,33.313136
47.26168,30.958958
47.617363,31.08932
43.77962,36.35335
44.387066,32.20583
44.43227,32.54165
47.08106,31.819853
47.621418,30.994781
44.92447,36.113472
44.33675,33.385994
45.18597,35.700607
42.966137,33.426777
44.851418,31.947056
44.961136,31.939299
44.92807,36.490025
44.949623,35.94717
43.86001,32.58929
44.717953,31.471216
46.07732,31.807642
42.453056,33.725277
45.54404,32.108524
47.323483,31.701431
44.321273,32.837306
44.322777,36.36361
45.425804,35.611534
44.769173,36.140663
44.623333,35.892776
45.126476,35.856186
44.977093,35.797295
45.194443,35.460278
45.17772,34.3348
45.755,35.144722
43.07139,37.03
43.3834,36.16217
45.319912,35.282692
42.822777,36.621292
47.803427,30.479441
47.289066,31.521254
34.9856,29.5751
34.893684,36.934372
35.443504,30.329008
35.56065,30.531416
35.812195,30.391628
35.872597,31.939331
35.5704,31.4653
35.507925,33.88433
35.74809,37.01116
36.522655,27.633583
36.470554,28.53139
36.81308,28.390018
36.674526,28.417105
36.582912,28.373753
36.607903,28.543211
36.422424,28.613459
36.836655,31.843033
36.75888,31.757948
36.962494,31.884243
36.086227,33.436996
37.337505,24.733438
37.298286,25.347303
37.24502,25.064371
37.935127,26.601934
37.13021,31.580751
37.62955,31.386389
37.982483,37.033802
37.802848,37.007939
38.853065,24.348412
38.23097,24.007954
38.520911,27.609681
38.86391,30.672773
38.527134,34.52612
39.100704,21.72204
39.116756,21.328901
39.193375,21.551773
39.7049,21.24768
39.283474,21.327484
39.096572,22.308975
39.603056,24.496944
39.602966,24.698181
39.867016,29.800476
39.497128,29.890392
39.86561,30.058397
40.310303,21.319866
40.324158,21.061394
40.463398,21.257368
40.599274,27.739162
40.918915,28.02924
40.30147,29.788765
40.156498,29.902292
40.275505,29.882643
40.3439,29.952332
40.47552,29.730913
40.45308,29.919905
40.792915,29.679016
40.322334,30.156614
40.094387,30.067635
40.35318,30.4088
40.21391,30.273691
40.41083,30.052738
40.199768,30.044527
40.558624,35.050095
40.156403,35.326332
40.05329,36.909317
41.073571,20.619094
41.24477,20.182774
41.401173,20.052633
41.0573,21.004395
41.63931,27.94866
41.739463,27.56768
41.623634,27.584393
41.506393,27.54204
41.020958,28.015999
41.732975,28.005157
41.44176,29.247377
42.001743,27.989521
42.912876,28.25379
42.103878,28.01089
42.177814,37.396587
42.45525,37.255257
43.970043,26.089958
43.56772,26.051203
43.966946,26.347748
43.35631,26.44963
44.934277,20.333727
44.66972,24.134981
44.191532,25.54658
44.60458,25.181034
44.233704,25.945696
44.125088,26.385365
44.032397,26.22918
44.861736,26.18847
44.2004,26.196726
44.855804,26.318037
44.9382,26.087622
45.53421,20.401272
45.955887,24.382513
45.99083,24.945986
45.298912,25.597343
45.19956,25.158901
45.44888,25.80155
45.594963,25.708328
45.018898,26.237396
45.49802,33.998238
45.573666,34.50165
45.503117,34.4113
45.86908,34.46271
45.62583,38.217007
46.725765,23.452028
46.636458,24.853892
46.619016,24.681461
46.369015,24.788528
46.821487,24.41184
46.71437,24.788237
46.794086,24.725359
46.798462,24.94038
46.520233,24.243208
46.701252,24.959448
46.68367,24.573078
46.536368,24.747965
46.797256,24.50458
46.26277,24.769104
46.03175,24.840649
46.102497,24.94965
46.678215,24.441643
46.46008,24.879543
46.964462,24.332445
46.210102,24.927729
46.052765,25.063175
46.643642,25.243599
46.60325,25.004267
46.34222,25.076408
46.225086,25.684225
46.176453,25.066514
46.526672,25.482641
46.469593,25.053568
46.79489,25.2037
46.16757,26.713356
46.9572,29.3725
46.054108,33.12017
46.398933,33.4997
46.18636,33.4577
46.827076,33.427692
46.325417,35.22267
46.999268,35.29374
46.18037,35.518444
46.353306,35.026966
46.29526,38.07348
47.10663,23.895884
47.552006,24.069752
47.312283,24.22241
47.527145,24.261183
47.404617,24.158125
47.057983,24.548084
47.293503,25.37174
47.93341,28.640497
47.54277,29.348688
47.985876,29.330064
47.707787,29.553898
47.782401,29.937995
47.9753,29.237
47.909,29.572233
47.730595,29.357735
47.8153,29.27114
47.715393,29.122004
47.7624,30.052671
47.572723,30.041304
47.858547,31.478123
47.88523,31.26294
47.777065,31.382706
47.885506,31.785076
47.694366,32.77084
47.999268,32.36626
47.045376,33.24964
47.31342,33.133648
47.06272,34.351837
48.990105,23.241999
48.951645,24.150513
48.83779,25.985128
48.76174,25.921038
48.583,26.807283
48.4348,27.5815
48.81514,27.890717
48.437687,27.272064
48.86361,27.291763
48.14393,28.58613
48.503277,28.39669
48.416862,28.549974
48.15124,28.96854
48.17608,28.874306
48.284184,28.871944
48.032654,28.53076
48.30593,28.766613
48.35506,28.668985
48.070763,29.275217
48.11621,29.1906
48.070103,29.089321
48.519386,29.977045
48.322334,29.440195
48.109257,30.45379
48.261997,30.470867
48.455627,30.722801
48.96512,30.573051
48.422585,30.129313
48.285984,30.348362
48.267605,31.587168
48.046864,31.306786
48.637424,31.193157
48.46416,31.506187
48.527096,31.178297
48.60814,31.753603
48.656525,31.288193
48.908474,31.749424
48.45531,31.831644
48.60609,31.659578
48.17774,31.793663
48.979046,31.905598
48.277115,31.965609
48.88155,31.559645
48.5667,31.9232
48.355064,31.21651
48.973682,31.2448
48.444233,31.95926
48.85825,32.043777
48.824944,32.15485
48.45803,32.632362
48.51951,32.302612
48.89489,32.65307
48.318825,32.745
48.248863,32.192253
48.743034,32.096928
48.544846,32.207806
48.217762,32.332436
48.382526,32.37384
48.839996,32.275986
48.43711,32.11065
48.30105,32.0546
48.494633,32.440556
48.543648,32.032455
48.35671,32.226017
48.35216,33.511574
48.72501,33.90669
48.504047,34.77787
48.508721,36.68298
48.546425,37.63779
48.290237,38.251045
49.603422,25.342187
49.64129,25.963522
49.769524,25.517967
49.71209,25.27071
49.52132,25.425394
49.77138,25.720543
49.696778,25.416463
49.66652,25.675966
49.401096,25.659931
49.661587,25.51242
49.301,25.133627
49.031982,25.955576
49.974815,26.226625
49.583534,26.80745
49.81367,26.517366
49.4287,26.852833
49.725937,26.691961
49.997845,26.039686
49.9982,26.773
49.86274,26.786684
49.15259,26.88815
49.99209,26.658997
49.838173,26.628468
49.91385,26.540464
49.6637,26.9924
49.59927,26.420465
49.53175,27.14365
49.49317,27.056273
49.397854,27.191015
49.48864,27.28904
49.71513,30.23136
49.322453,30.481573
49.202995,30.71947
49.728687,30.55098
49.14422,30.530201
49.161926,30.6245
49.91533,30.210026
49.33887,31.884844
49.503155,31.185968
49.214596,31.994644
49.690807,31.514288
49.169342,31.840485
49.71402,31.271692
49.88968,31.904047
49.64653,31.076902
49.88815,31.5322
49.829117,32.06996
49.614075,32.161198
49.115276,32.34468
49.313473,34.73002
49.527683,36.89307
49.596333,37.29063
49.37305,37.47915
50.859052,24.850447
50.849064,24.646166
50.733597,24.693018
50.478249,25.991885
50.99038,25.81743
50.128403,25.735191
50.191803,25.632345
50.767834,25.210075
50.617195,25.848906
50.94262,25.531038
50.846933,25.48548
50.579773,25.947392
50.742188,25.65056
50.84635,25.578234
50.757393,25.419477
50.319063,26.186803
50.11248,26.296179
50.471046,26.22982
50.21803,26.238068
50.65597,26.255743
50.068817,26.594667
50.154823,26.093971
50.583927,26.121315
50.474022,26.102629
50.192566,26.395658
50.075764,26.47458
50.87449,28.836742
50.994717,28.934853
50.80909,28.92329
50.8783,29.015738
50.711147,29.172043
50.505814,29.563429
50.15038,30.320131
50.56217,30.788568
50.74417,30.721735
50.291474,30.621691
50.521248,30.424183
50.621395,31.545332
50.88345,31.556402
50.451775,31.126259
50.596077,31.916834
50.81269,34.585205
50.26937,34.544575
50.699707,34.4986
50.894703,34.745808
50.841637,35.697666
50.95355,35.7266
50.958504,35.594498
50.988556,35.834045
50.979416,35.476902
50.7349,35.889526
50.86467,35.786373
50.469173,35.944504
50.39627,36.113663
50.561283,36.98525
50.701057,36.015408
50.010414,36.270306
50.010125,37.2055
51.043666,24.985439
51.22735,24.964113
51.490425,24.805729
51.760075,24.040997
51.764217,24.156437
51.64493,24.19371
51.48295,24.227034
51.747967,24.283768
51.06454,24.889048
51.54191,24.89399
51.549572,24.41315
51.994053,24.185879
51.208134,24.762108
51.619784,25.178356
51.388959,25.623852
51.49523,25.428888
51.544548,25.296078
51.43632,25.34815
51.584538,25.781425
51.50575,25.68985
51.48561,25.576351
51.459972,25.134321
51.43835,25.237597
51.08809,25.71363
51.094723,25.440397
51.56441,25.08444
51.45376,25.776075
51.289658,25.15507
51.38322,26.019136
51.271908,26.146954
51.15317,26.094435
51.578465,27.92007
51.52916,28.798332
51.057846,28.797373
51.452038,28.937534
51.142635,28.689095
51.670513,28.224314
51.46145,28.142433
51.14821,29.47069
51.45235,29.232153
51.611668,29.807768
51.593994,29.125044
51.094707,29.368177
51.47012,29.138384
51.314415,29.579218
51.882835,29.551771
51.938618,30.29587
51.417725,30.815126
51.100933,31.835348
51.61252,32.63863
51.380346,32.600548
51.709396,32.6951
51.52782,32.71995
51.402767,33.967533
51.913334,33.513283
51.420483,35.709771
51.383256,35.808958
51.575268,35.953712
51.479134,35.628956
51.268505,35.74842
51.48965,35.83477
51.532345,35.749165
51.153847,35.753582
51.252518,35.634197
51.096607,35.631207
51.809006,35.745865
51.51038,36.638893
51.98621,36.57566
51.41739,36.04773
52.24152,23.967514
52.8082,23.853
52.10042,23.949858
52.64902,23.833239
52.31421,23.78947
52.63117,23.72057
52.422028,23.701931
52.7756,23.9987
52.65352,24.080942
52.43964,24.113396
52.576,24.1781
52.852016,24.934196
52.596107,24.366041
52.87461,25.15335
52.57589,27.513943
52.70175,27.456987
52.578934,27.390287
52.79436,27.39725
52.569664,27.797096
52.04992,27.837217
52.699364,27.331186
52.64906,27.738276
52.88095,27.54523
52.367012,28.453821
52.457214,28.509789
52.563866,28.840853
52.858562,28.738361
52.78689,29.83799
52.88695,29.934408
52.76821,29.703173
52.465267,29.694483
52.442345,29.898458
52.632496,29.19237
52.34851,29.41979
52.692345,29.529352
52.378582,29.753946
52.975227,29.539099
52.29356,29.847046
52.557926,29.62737
52.765213,29.442383
52.835841,29.308732
52.13193,30.43306
52.302734,30.04597
52.4358,30.200804
52.058625,35.701304
52.509083,35.780766
52.56057,35.695293
52.626938,36.678867
52.400707,36.6573
52.974888,36.715935
52.276943,36.64059
52.699635,36.547356
52.113995,36.596832
53.782887,22.900623
53.75829,23.418377
53.6175,23.4107
53.612595,23.562757
53.258526,23.53109
53.699287,23.67182
53.925888,23.218163
53.800983,23.533684
53.780396,23.138992
53.583828,23.103086
53.467766,23.00519
53.04461,23.997656
53.144985,23.997555
53.136524,23.872065
53.785385,23.272617
53.64204,23.84591
53.32211,24.112349
53.558178,24.071407
53.418324,24.063358
53.803833,24.17826
53.76308,24.055529
53.910664,24.11452
53.265846,24.007685
53.373222,24.460155
53.07231,24.885263
53.28976,24.298431
53.84892,24.284868
53.047176,24.092594
53.481236,26.955086
53.928867,26.568657
53.295708,26.803234
53.0402,27.188475
53.879124,27.96479
53.76316,27.956755
53.605217,27.062551
53.222073,27.165169
53.552597,28.511753
53.099236,28.351124
53.057747,28.476818
53.30853,28.608278
53.6172,28.922337
53.057535,28.755637
53.141556,28.539593
53.67283,28.520082
53.124104,29.641546
53.57052,29.771847
53.30219,29.928904
53.187389,29.295232
53.795177,30.387478
53.279568,31.122618
53.0,32.0
53.055794,36.599236
54.336533,22.899204
54.43148,22.855762
54.11983,22.95696
54.933,22.906
54.80225,22.72244
54.40077,23.661875
54.57179,23.460852
54.071735,23.06228
54.130054,23.481998
54.39456,23.521458
54.785793,23.821102
54.220695,23.30024
54.225136,23.061338
54.46743,24.575959
54.325683,24.463397
54.552952,24.347254
54.475645,24.413656
54.63878,24.453992
54.708429,24.243173
54.9956,24.645025
54.551464,24.23798
54.840855,24.396317
54.797801,24.149493
54.974644,24.751918
54.84948,24.633417
54.652065,24.57841
54.65419,24.352169
54.306187,24.240185
54.21878,25.234123
54.04737,26.513702
54.794716,26.52455
54.97593,26.621197
54.873554,26.608356
54.840145,26.749592
54.514072,26.289875
54.91818,27.593136
54.223175,27.718044
54.769867,27.305124
54.5025,27.0341
54.3978,27.1105
54.415462,28.346935
54.992386,28.669132
54.3013,28.833921
54.16603,29.810259
54.328026,29.199923
54.37174,31.904074
54.004242,31.818434
54.044117,31.58142
54.25641,31.788933
54.232742,31.926388
54.273937,31.309395
54.101967,31.73131
54.28774,31.686436
54.440647,31.56039
54.59441,31.742476
54.014477,32.226273
54.088287,32.40407
54.54668,32.11098
54.27407,32.57503
54.283573,32.124264
54.66117,32.344807
54.464417,36.844112
54.046852,36.908844
55.1401,22.7166
55.021306,23.886459
55.814945,23.96616
55.457355,23.184233
55.435303,23.95686
55.0646,23.515757
55.56371,23.64032
55.426407,23.449005
55.5277,23.8222
55.795554,24.295334
55.820093,24.199338
55.027581,24.844337
55.770587,24.064405
55.029203,24.209236
55.291679,24.997079
55.04461,24.962455
55.744384,24.684426
55.192696,24.83689
55.676289,24.19724
55.36657,24.840642
55.660319,24.821465
55.6617,24.9923
55.643304,24.073846
55.287729,24.211648
55.74097,24.579324
55.50963,24.137671
55.304928,24.754528
55.540394,24.48832
55.446674,24.217941
55.563442,24.855045
55.645535,24.284552
55.441593,24.39693
55.92322,25.25168
55.419571,25.054799
55.221051,25.159284
55.351196,25.278901
55.589363,25.247212
55.310405,25.094533
55.457999,25.348481
55.43842,25.151988
55.84633,25.725905
55.932388,25.775708
55.879319,25.133236
55.794868,25.001579
55.684357,25.61619
55.556553,25.430408
55.19006,25.031767
55.9995,25.615
55.565003,25.578783
55.64871,26.975431
55.538036,26.680874
55.780773,26.766401
55.876003,26.616657
55.391056,26.879915
55.436317,26.654448
55.275375,26.62003
55.709816,26.694391
55.912212,26.794655
55.448865,27.338202
55.89894,28.30302
55.756626,28.254261
55.65763,29.473526
55.303513,29.111975
55.54889,29.27982
55.37599,30.228767
55.039913,33.52792
55.020252,36.50897
56.091663,20.605154
56.206055,20.550509
56.51082,22.334356
56.46238,23.679852
56.405186,23.821604
56.461273,23.951044
56.534894,23.273153
56.419518,23.23488
56.80145,23.99602
56.322166,24.948296
56.458218,24.746635
56.146603,24.876043
56.11356,24.782745
56.794155,24.274279
56.82194,24.152842
56.5802,24.318707
56.749195,24.36143
56.405961,24.85165
56.00918,24.086336
56.55117,24.58485
56.634514,24.167038
56.651524,24.41984
56.162174,24.58858
56.26949,24.870258
56.041408,25.102153
56.273247,25.70905
56.351049,25.356955
56.190945,25.409399
56.088253,25.797535
56.35274,25.09254
56.075302,25.98291
56.0076,25.872114
56.17902,25.192387
56.302402,25.265158
56.13077,25.905668
56.2139,25.9943
56.197388,25.586744
56.225452,25.084806
56.12078,25.473858
56.165295,25.010921
56.346733,25.574373
56.11524,25.289682
56.277878,26.944483
56.366875,26.043737
56.138165,26.103275
56.024517,26.854923
56.250954,26.20203
56.003483,26.746523
56.167713,26.908541
56.33799,27.756096
56.44657,27.55751
56.835796,27.379599
56.043835,27.315687
56.942837,27.141235
56.45131,27.08257
56.454643,27.695587
56.298912,27.445473
56.999676,27.318474
56.173943,27.424282
56.2514,27.958017
56.71231,27.284567
56.387154,27.183994
56.165726,27.324568
56.255993,27.170935
56.55384,27.4392
56.8369,27.564672
56.34293,27.321735
56.84282,27.100185
56.57074,27.329836
56.650359,27.491722
56.547905,28.7388
56.337135,28.71082
56.91739,30.344833
56.002605,35.999035
56.042934,35.789524
57.791233,20.328438
57.2535,21.3794
57.768932,22.94227
57.67099,22.983999
57.53856,22.992388
57.552,22.887583
57.2937,22.6682
57.64829,22.19013
57.748955,22.844198
57.541534,22.711082
57.52492,22.389555
57.473195,23.551038
57.66008,23.383944
57.79724,23.073854
57.46806,23.061167
57.591854,23.716145
57.791,23.7817
57.823505,23.388447
57.163767,23.326735
57.88492,23.647863
57.562332,23.809977
57.487545,23.329485
57.204018,23.21281
57.660946,23.118353
57.531166,23.143482
57.312126,23.140818
57.755463,23.664661
57.70779,23.26653
57.3739,23.799635
57.02955,24.04245
57.63024,25.850433
57.745476,25.79648
57.855457,25.688698
57.289276,25.982977
57.340145,25.881376
57.46288,25.860868
57.254944,26.349257
57.17055,26.869753
57.04235,26.858324
57.309143,26.073233
57.16077,26.60923
57.097557,26.95156
57.085423,26.505533
57.206757,26.442167
57.048008,26.763643
57.15114,26.332445
57.042465,27.226734
57.09444,27.110409
57.026943,27.039473
57.173798,27.885027
57.87445,27.523092
57.356186,27.062569
57.206562,27.306326
57.653355,27.667276
57.18113,27.062088
57.065487,28.28785
57.889534,28.304434
57.839092,28.899393
57.633087,28.974037
57.76079,28.597183
57.763428,28.738379
57.578578,29.269561
57.91298,29.038769
57.405014,29.476849
57.292053,29.459305
57.714775,30.412682
57.542988,30.20491
57.773716,30.544939
57.017982,30.2671
58.19018,20.611467
58.73291,20.747177
58.631374,20.680157
58.73601,20.84793
58.798985,20.349724
58.304115,20.737179
58.25106,21.477585
58.248955,21.08706
58.937616,22.492432
58.00927,22.765432
58.536178,22.307147
58.903717,22.344011
58.146755,22.800634
58.828407,22.454216
58.77804,22.317888
58.5318,22.704
58.070194,22.300297
58.48419,23.62699
58.331375,23.564648
58.505438,23.52016
58.159631,23.678848
58.912495,23.256163
58.164029,23.582696
58.588642,23.457272
58.7789,23.4445
58.588028,23.61307
58.67446,23.537275
58.84862,23.082891
58.448963,23.339735
58.79096,25.606018
58.712967,25.700365
58.483585,25.768522
58.222233,25.747717
58.430676,25.686157
58.034935,25.600277
58.10339,25.687944
58.574215,27.726793
58.44873,27.768576
58.152042,27.343561
58.377155,27.940435
58.79702,28.989592
58.52365,28.015007
58.43395,29.051823
58.332798,29.091183
58.14308,29.849874
58.79208,36.21127
59.544141,21.868088
59.482197,21.735296
59.24646,22.839396
59.095566,22.623623
59.522213,22.578222
59.116333,22.859232
59.375557,22.70202
59.827965,22.418022
59.714844,22.503471
59.320194,22.014692
59.211132,22.928694
59.220713,22.310309
59.70762,22.10902
59.05184,23.08805
59.114037,23.005232
59.336853,25.651293
59.912952,25.38879
59.583595,25.470766
59.075546,28.632219
59.243095,33.106537
59.444925,36.34059
59.561283,36.350094
59.651927,36.291498
59.120487,36.633656
59.693832,36.163364
60.679242,25.394626
60.139317,25.600866
60.296814,25.352066
60.47165,25.460861
60.83344,25.264055
60.583656,25.459913
60.0678,26.3616
60.292973,26.292332
60.74767,26.224323
60.561207,27.185408
60.460232,27.199617
60.785164,27.624214
60.69696,27.210764
60.50794,28.399246
60.75979,28.542137
60.6816,28.865599
60.881035,29.482212
60.789433,29.381472
60.90345,29.65315
60.382576,36.59982
61.18333,25.489798
61.243843,25.59961
61.394264,25.647146
61.49762,25.846607
61.071983,25.560282
61.993942,25.257631
61.493267,25.167503
61.21279,26.536648
61.32669,26.355326
61.25661,26.633757
61.519924,26.136183
61.197044,28.210321
61.164032,28.692842
61.3095,28.9121
61.112705,28.599174
61.451402,29.014849
61.45248,30.865005
61.2616,30.9377
61.380802,31.03467
61.541454,31.037249
61.118816,36.63102
62.129417,26.998543
62.718388,26.066685
62.083466,27.241997
62.215504,34.3456
63.976135,25.41733
