lon,lat,year,coordinateUncertaintyInMeters,basisOfRecord,country,gbifID,datasetKey
47.54277,29.348688,2026,6.0,HUMAN_OBSERVATION,KW,6130998846,50c9509d-22c7-4a22-a47d-8c48425ef4a7
47.925175,29.281757,2025,7.0,HUMAN_OBSERVATION,KW,5087272211,50c9509d-22c7-4a22-a47d-8c48425ef4a7
47.815207,29.184687,2025,9.0,HUMAN_OBSERVATION,KW,5087348562,50c9509d-22c7-4a22-a47d-8c48425ef4a7
47.902511,29.334683,2025,,HUMAN_OBSERVATION,KW,5087735922,50c9509d-22c7-4a22-a47d-8c48425ef4a7
47.9662,29.370889,2025,,HUMAN_OBSERVATION,KW,5087913420,50c9509d-22c7-4a22-a47d-8c48425ef4a7
44.425641,32.494926,2025,5.0,HUMAN_OBSERVATION,IQ,6188366614,50c9509d-22c7-4a22-a47d-8c48425ef4a7
48.60147,31.34969,2025,150.0,HUMAN_OBSERVATION,IR,5132535734,ba19fc1d-670c-426b-b99d-49f003792ac4
48.49077,32.62359,2025,150.0,HUMAN_OBSERVATION,IR,5132537608,ba19fc1d-670c-426b-b99d-49f003792ac4
47.30868,33.20568,2025,150.0,HUMAN_OBSERVATION,IR,5132539394,ba19fc1d-670c-426b-b99d-49f003792ac4
48.51048,31.54212,2025,150.0,HUMAN_OBSERVATION,IR,5132540594,ba19fc1d-670c-426b-b99d-49f003792ac4
48.67621,31.32782,2025,150.0,HUMAN_OBSERVATION,IR,5138031163,ba19fc1d-670c-426b-b99d-49f003792ac4
44.377967,33.275372,2025,53.0,HUMAN_OBSERVATION,IQ,5153735152,50c9509d-22c7-4a22-a47d-8c48425ef4a7
48.171916,28.924333,2025,782.0,HUMAN_OBSERVATION,KW,5188333578,50c9509d-22c7-4a22-a47d-8c48425ef4a7
48.083591,29.341263,2025,,HUMAN_OBSERVATION,KW,5280416229,6ff8b3b0-ef0f-4f79-a310-5a5615c6aa0b
47.985876,29.330064,2025,5.0,HUMAN_OBSERVATION,KW,5827890167,50c9509d-22c7-4a22-a47d-8c48425ef4a7
43.57204,33.2434,2025,,HUMAN_OBSERVATION,IQ,5167715643,50c9509d-22c7-4a22-a47d-8c48425ef4a7
44.655339,33.763764,2025,24.0,HUMAN_OBSERVATION,IQ,5188324211,50c9509d-22c7-4a22-a47d-8c48425ef4a7
47.945587,29.295253,2025,4.0,HUMAN_OBSERVATION,KW,5828913958,50c9509d-22c7-4a22-a47d-8c48425ef4a7
42.078227,37.408579,2025,957.0,HUMAN_OBSERVATION,TR,5889919257,50c9509d-22c7-4a22-a47d-8c48425ef4a7
48.078143,29.328565,2025,32.0,HUMAN_OBSERVATION,KW,5868207551,50c9509d-22c7-4a22-a47d-8c48425ef4a7
47.810007,30.451305,2025,198.0,HUMAN_OBSERVATION,IQ,5889348657,50c9509d-22c7-4a22-a47d-8c48425ef4a7
48.508721,36.68298,2025,9597.0,HUMAN_OBSERVATION,IR,5908702284,50c9509d-22c7-4a22-a47d-8c48425ef4a7
48.067122,29.342605,2024,4.0,HUMAN_OBSERVATION,KW,4516911918,50c9509d-22c7-4a22-a47d-8c48425ef4a7
47.946934,29.355097,2024,,HUMAN_OBSERVATION,KW,5316775607,4fa7b334-ce0d-4e88-aaae-2e0c138d049e
47.810547,29.96825,2024,,HUMAN_OBSERVATION,KW,5318964261,4fa7b334-ce0d-4e88-aaae-2e0c138d049e
47.870865,29.322924,2024,,HUMAN_OBSERVATION,KW,5329193152,4fa7b334-ce0d-4e88-aaae-2e0c138d049e
40.30147,29.788765,2024,,HUMAN_OBSERVATION,SA,5329215122,4fa7b334-ce0d-4e88-aaae-2e0c138d049e
48.120678,29.133404,2024,,HUMAN_OBSERVATION,KW,5337757965,4fa7b334-ce0d-4e88-aaae-2e0c138d049e
47.75559,29.26832,2024,,HUMAN_OBSERVATION,KW,5348753517,4fa7b334-ce0d-4e88-aaae-2e0c138d049e
48.070763,29.275217,2024,,HUMAN_OBSERVATION,KW,5349571156,4fa7b334-ce0d-4e88-aaae-2e0c138d049e
47.674255,29.351254,2024,,HUMAN_OBSERVATION,KW,5351161581,4fa7b334-ce0d-4e88-aaae-2e0c138d049e
48.03752,29.331877,2024,,HUMAN_OBSERVATION,KW,5351477299,4fa7b334-ce0d-4e88-aaae-2e0c138d049e
48.11621,29.1906,2024,,HUMAN_OBSERVATION,KW,5396541965,4fa7b334-ce0d-4e88-aaae-2e0c138d049e
40.156498,29.902292,2024,,HUMAN_OBSERVATION,SA,5410583708,4fa7b334-ce0d-4e88-aaae-2e0c138d049e
47.707787,29.553898,2024,,HUMAN_OBSERVATION,KW,5467937602,4fa7b334-ce0d-4e88-aaae-2e0c138d049e
48.14393,28.58613,2024,,HUMAN_OBSERVATION,KW,5481708615,4fa7b334-ce0d-4e88-aaae-2e0c138d049e
40.275505,29.882643,2024,,HUMAN_OBSERVATION,SA,5498727432,4fa7b334-ce0d-4e88-aaae-2e0c138d049e
48.070103,29.089321,2024,,HUMAN_OBSERVATION,KW,5589689754,4fa7b334-ce0d-4e88-aaae-2e0c138d049e
48.0888,29.3018,2024,,HUMAN_OBSERVATION,KW,5682423897,4fa7b334-ce0d-4e88-aaae-2e0c138d049e
47.782401,29.937995,2024,,HUMAN_OBSERVATION,KW,5277694044,6ff8b3b0-ef0f-4f79-a310-5a5615c6aa0b
44.423916,32.54168,2024,,HUMAN_OBSERVATION,IQ,5299318011,4fa7b334-ce0d-4e88-aaae-2e0c138d049e
46.960064,29.368664,2024,,HUMAN_OBSERVATION,KW,5306107722,4fa7b334-ce0d-4e88-aaae-2e0c138d049e
48.52372,32.00779,2024,,HUMAN_OBSERVATION,IR,5320072001,4fa7b334-ce0d-4e88-aaae-2e0c138d049e
47.880135,29.323654,2024,,HUMAN_OBSERVATION,KW,5323280185,4fa7b334-ce0d-4e88-aaae-2e0c138d049e
48.487343,32.625523,2024,,HUMAN_OBSERVATION,IR,5324250080,4fa7b334-ce0d-4e88-aaae-2e0c138d049e
44.24568,33.242565,2024,,HUMAN_OBSERVATION,IQ,5336415755,4fa7b334-ce0d-4e88-aaae-2e0c138d049e
48.85825,32.043777,2024,,HUMAN_OBSERVATION,IR,5363020283,4fa7b334-ce0d-4e88-aaae-2e0c138d049e
48.10278,29.085577,2024,,HUMAN_OBSERVATION,KW,5387874198,4fa7b334-ce0d-4e88-aaae-2e0c138d049e
48.227123,32.06813,2024,,HUMAN_OBSERVATION,IR,5391772399,4fa7b334-ce0d-4e88-aaae-2e0c138d049e
48.129047,29.129276,2024,,HUMAN_OBSERVATION,KW,5401624030,4fa7b334-ce0d-4e88-aaae-2e0c138d049e
48.078854,29.15201,2024,,HUMAN_OBSERVATION,KW,5432786270,4fa7b334-ce0d-4e88-aaae-2e0c138d049e
40.322334,30.156614,2024,,HUMAN_OBSERVATION,SA,5436802274,4fa7b334-ce0d-4e88-aaae-2e0c138d049e
48.533695,32.0653,2024,,HUMAN_OBSERVATION,IR,5468444954,4fa7b334-ce0d-4e88-aaae-2e0c138d049e
47.756454,29.293419,2024,,HUMAN_OBSERVATION,KW,5497444130,4fa7b334-ce0d-4e88-aaae-2e0c138d049e
40.094387,30.067635,2024,,HUMAN_OBSERVATION,SA,5512067135,4fa7b334-ce0d-4e88-aaae-2e0c138d049e
44.382046,32.785763,2024,,HUMAN_OBSERVATION,IQ,5563721849,4fa7b334-ce0d-4e88-aaae-2e0c138d049e
47.80602,29.348183,2024,,HUMAN_OBSERVATION,KW,5592557458,4fa7b334-ce0d-4e88-aaae-2e0c138d049e
48.824944,32.15485,2024,,HUMAN_OBSERVATION,IR,5618098109,4fa7b334-ce0d-4e88-aaae-2e0c138d049e
44.57646,33.07716,2024,,HUMAN_OBSERVATION,IQ,5624281871,4fa7b334-ce0d-4e88-aaae-2e0c138d049e
48.173923,32.292797,2024,,HUMAN_OBSERVATION,IR,5624919065,4fa7b334-ce0d-4e88-aaae-2e0c138d049e
48.395596,32.384872,2024,,HUMAN_OBSERVATION,IR,5645779968,4fa7b334-ce0d-4e88-aaae-2e0c138d049e
48.45803,32.632362,2024,,HUMAN_OBSERVATION,IR,5692518678,4fa7b334-ce0d-4e88-aaae-2e0c138d049e
48.898746,31.662354,2024,,HUMAN_OBSERVATION,IR,5707388655,4fa7b334-ce0d-4e88-aaae-2e0c138d049e
47.858547,31.478123,2024,,HUMAN_OBSERVATION,IR,5298426568,4fa7b334-ce0d-4e88-aaae-2e0c138d049e
49.218285,30.55312,2024,,HUMAN_OBSERVATION,IR,5302806169,4fa7b334-ce0d-4e88-aaae-2e0c138d049e
47.737396,31.300776,2024,,HUMAN_OBSERVATION,IR,5303921662,4fa7b334-ce0d-4e88-aaae-2e0c138d049e
47.9753,29.237,2024,,HUMAN_OBSERVATION,KW,5321804225,4fa7b334-ce0d-4e88-aaae-2e0c138d049e
48.191063,32.216507,2024,,HUMAN_OBSERVATION,IR,5451044262,4fa7b334-ce0d-4e88-aaae-2e0c138d049e
48.39369,28.55251,2024,,HUMAN_OBSERVATION,KW,5535798816,4fa7b334-ce0d-4e88-aaae-2e0c138d049e
47.88523,31.26294,2024,,HUMAN_OBSERVATION,IR,5563545568,4fa7b334-ce0d-4e88-aaae-2e0c138d049e
48.109257,30.45379,2024,,HUMAN_OBSERVATION,IR,5574592423,4fa7b334-ce0d-4e88-aaae-2e0c138d049e
48.17574,30.43202,2024,,HUMAN_OBSERVATION,IR,5582061388,4fa7b334-ce0d-4e88-aaae-2e0c138d049e
48.519386,29.977045,2024,,HUMAN_OBSERVATION,IR,5614427779,4fa7b334-ce0d-4e88-aaae-2e0c138d049e
48.51951,32.302612,2024,,HUMAN_OBSERVATION,IR,5676701778,4fa7b334-ce0d-4e88-aaae-2e0c138d049e
47.61374,30.449314,2024,,HUMAN_OBSERVATION,IQ,5710239711,4fa7b334-ce0d-4e88-aaae-2e0c138d049e
40.34568,29.808367,2024,,HUMAN_OBSERVATION,SA,5314354471,4fa7b334-ce0d-4e88-aaae-2e0c138d049e
47.909,29.572233,2024,,HUMAN_OBSERVATION,KW,5321407233,4fa7b334-ce0d-4e88-aaae-2e0c138d049e
48.65547,31.296482,2024,,HUMAN_OBSERVATION,IR,5335257909,4fa7b334-ce0d-4e88-aaae-2e0c138d049e
39.867016,29.800476,2024,,HUMAN_OBSERVATION,SA,5350010197,4fa7b334-ce0d-4e88-aaae-2e0c138d049e
48.22895,28.90197,2024,,HUMAN_OBSERVATION,KW,5353621918,4fa7b334-ce0d-4e88-aaae-2e0c138d049e
48.38606,28.64303,2024,,HUMAN_OBSERVATION,KW,5377960327,4fa7b334-ce0d-4e88-aaae-2e0c138d049e
40.421448,29.847275,2024,,HUMAN_OBSERVATION,SA,5391142911,4fa7b334-ce0d-4e88-aaae-2e0c138d049e
48.172733,28.965132,2024,,HUMAN_OBSERVATION,KW,5424183009,4fa7b334-ce0d-4e88-aaae-2e0c138d049e
42.19408,37.3277,2024,,HUMAN_OBSERVATION,TR,5424993775,4fa7b334-ce0d-4e88-aaae-2e0c138d049e
48.477207,31.56715,2024,,HUMAN_OBSERVATION,IR,5515683798,4fa7b334-ce0d-4e88-aaae-2e0c138d049e
47.699863,29.174362,2024,,HUMAN_OBSERVATION,KW,5543320660,4fa7b334-ce0d-4e88-aaae-2e0c138d049e
39.907654,29.80956,2024,,HUMAN_OBSERVATION,SA,5608776890,4fa7b334-ce0d-4e88-aaae-2e0c138d049e
48.392178,28.591267,2024,,HUMAN_OBSERVATION,KW,5610909879,4fa7b334-ce0d-4e88-aaae-2e0c138d049e
47.968132,29.271156,2024,,HUMAN_OBSERVATION,KW,5649752228,4fa7b334-ce0d-4e88-aaae-2e0c138d049e
47.770287,30.030807,2024,,HUMAN_OBSERVATION,KW,5356577572,4fa7b334-ce0d-4e88-aaae-2e0c138d049e
49.331863,31.884361,2024,,HUMAN_OBSERVATION,IR,5366202644,4fa7b334-ce0d-4e88-aaae-2e0c138d049e
48.082253,29.17463,2024,,HUMAN_OBSERVATION,KW,5372080273,4fa7b334-ce0d-4e88-aaae-2e0c138d049e
47.99111,28.559776,2024,,HUMAN_OBSERVATION,KW,5414669491,4fa7b334-ce0d-4e88-aaae-2e0c138d049e
47.694366,32.77084,2024,,HUMAN_OBSERVATION,IR,5428399181,4fa7b334-ce0d-4e88-aaae-2e0c138d049e
48.138203,29.090576,2024,,HUMAN_OBSERVATION,KW,5478703470,4fa7b334-ce0d-4e88-aaae-2e0c138d049e
48.35216,33.511574,2024,,HUMAN_OBSERVATION,IR,5557239406,4fa7b334-ce0d-4e88-aaae-2e0c138d049e
46.325417,35.22267,2024,,HUMAN_OBSERVATION,IR,5570210299,4fa7b334-ce0d-4e88-aaae-2e0c138d049e
44.418365,33.314846,2024,,HUMAN_OBSERVATION,IQ,5586453624,4fa7b334-ce0d-4e88-aaae-2e0c138d049e
48.090122,29.269028,2024,,HUMAN_OBSERVATION,KW,5611368744,4fa7b334-ce0d-4e88-aaae-2e0c138d049e
48.6982,31.348217,2024,,HUMAN_OBSERVATION,IR,5632437605,4fa7b334-ce0d-4e88-aaae-2e0c138d049e
48.02536,29.254654,2024,,HUMAN_OBSERVATION,KW,5299194015,4fa7b334-ce0d-4e88-aaae-2e0c138d049e
47.70753,29.380829,2024,,HUMAN_OBSERVATION,KW,5328653940,4fa7b334-ce0d-4e88-aaae-2e0c138d049e
48.328293,32.796196,2024,,HUMAN_OBSERVATION,IR,5485851700,4fa7b334-ce0d-4e88-aaae-2e0c138d049e
48.267605,31.587168,2024,,HUMAN_OBSERVATION,IR,5538312307,4fa7b334-ce0d-4e88-aaae-2e0c138d049e
48.38512,28.741928,2024,,HUMAN_OBSERVATION,KW,5573029086,4fa7b334-ce0d-4e88-aaae-2e0c138d049e
47.614403,29.590475,2024,,HUMAN_OBSERVATION,KW,5327665951,4fa7b334-ce0d-4e88-aaae-2e0c138d049e
38.86391,30.672773,2024,,HUMAN_OBSERVATION,SA,5411273493,4fa7b334-ce0d-4e88-aaae-2e0c138d049e
49.322453,30.481573,2024,,HUMAN_OBSERVATION,IR,5513486941,4fa7b334-ce0d-4e88-aaae-2e0c138d049e
48.109592,29.208654,2024,,HUMAN_OBSERVATION,KW,5645195789,4fa7b334-ce0d-4e88-aaae-2e0c138d049e
48.89489,32.65307,2024,,HUMAN_OBSERVATION,IR,5660309513,4fa7b334-ce0d-4e88-aaae-2e0c138d049e
48.03582,29.336205,2024,,HUMAN_OBSERVATION,KW,5295844531,4fa7b334-ce0d-4e88-aaae-2e0c138d049e
48.046864,31.306786,2024,,HUMAN_OBSERVATION,IR,5343105666,4fa7b334-ce0d-4e88-aaae-2e0c138d049e
47.730595,29.357735,2024,,HUMAN_OBSERVATION,KW,5360594588,4fa7b334-ce0d-4e88-aaae-2e0c138d049e
48.318825,32.745,2024,,HUMAN_OBSERVATION,IR,5434371789,4fa7b334-ce0d-4e88-aaae-2e0c138d049e
48.248863,32.192253,2024,,HUMAN_OBSERVATION,IR,5452328924,4fa7b334-ce0d-4e88-aaae-2e0c138d049e
48.84104,32.032093,2024,,HUMAN_OBSERVATION,IR,5456127923,4fa7b334-ce0d-4e88-aaae-2e0c138d049e
47.976803,29.386856,2024,,HUMAN_OBSERVATION,KW,5457406710,4fa7b334-ce0d-4e88-aaae-2e0c138d049e
40.236996,29.949541,2024,,HUMAN_OBSERVATION,SA,5470991986,4fa7b334-ce0d-4e88-aaae-2e0c138d049e
47.8153,29.27114,2024,,HUMAN_OBSERVATION,KW,5521754716,4fa7b334-ce0d-4e88-aaae-2e0c138d049e
42.941135,36.880764,2024,,HUMAN_OBSERVATION,IQ,5636116341,4fa7b334-ce0d-4e88-aaae-2e0c138d049e
42.96748,36.86967,2024,,HUMAN_OBSERVATION,IQ,5310559709,4fa7b334-ce0d-4e88-aaae-2e0c138d049e
48.60681,31.121664,2024,,HUMAN_OBSERVATION,IR,5311664596,4fa7b334-ce0d-4e88-aaae-2e0c138d049e
48.283993,28.878042,2024,,HUMAN_OBSERVATION,KW,5322272741,4fa7b334-ce0d-4e88-aaae-2e0c138d049e
48.322334,29.440195,2024,,HUMAN_OBSERVATION,KW,5327986292,4fa7b334-ce0d-4e88-aaae-2e0c138d049e
48.071224,29.07838,2024,,HUMAN_OBSERVATION,KW,5527359264,4fa7b334-ce0d-4e88-aaae-2e0c138d049e
49.33887,31.884844,2024,,HUMAN_OBSERVATION,IR,5662452805,4fa7b334-ce0d-4e88-aaae-2e0c138d049e
47.856106,29.25322,2024,,HUMAN_OBSERVATION,KW,5339713566,4fa7b334-ce0d-4e88-aaae-2e0c138d049e
48.143425,29.08011,2024,,HUMAN_OBSERVATION,KW,5380058139,4fa7b334-ce0d-4e88-aaae-2e0c138d049e
48.172794,28.877954,2024,,HUMAN_OBSERVATION,KW,5556068711,4fa7b334-ce0d-4e88-aaae-2e0c138d049e
48.173416,28.594448,2024,,HUMAN_OBSERVATION,KW,5570471717,4fa7b334-ce0d-4e88-aaae-2e0c138d049e
44.377167,33.346306,2024,,HUMAN_OBSERVATION,IQ,5696701540,4fa7b334-ce0d-4e88-aaae-2e0c138d049e
44.43227,32.54165,2023,,HUMAN_OBSERVATION,IQ,4645265745,4fa7b334-ce0d-4e88-aaae-2e0c138d049e
48.416862,28.549974,2023,,HUMAN_OBSERVATION,KW,4630442093,4fa7b334-ce0d-4e88-aaae-2e0c138d049e
44.41618,33.313526,2023,,HUMAN_OBSERVATION,IQ,4669084761,4fa7b334-ce0d-4e88-aaae-2e0c138d049e
40.3439,29.952332,2023,,HUMAN_OBSERVATION,SA,4676929300,4fa7b334-ce0d-4e88-aaae-2e0c138d049e
43.973347,36.22715,2023,,HUMAN_OBSERVATION,IQ,4643495719,4fa7b334-ce0d-4e88-aaae-2e0c138d049e
40.215614,29.963411,2023,,HUMAN_OBSERVATION,SA,4664170325,4fa7b334-ce0d-4e88-aaae-2e0c138d049e
48.49744,30.032965,2023,,HUMAN_OBSERVATION,IR,4683292109,4fa7b334-ce0d-4e88-aaae-2e0c138d049e
40.15773,30.068405,2023,,HUMAN_OBSERVATION,SA,4695557113,4fa7b334-ce0d-4e88-aaae-2e0c138d049e
47.70714,30.010023,2023,,HUMAN_OBSERVATION,KW,4783913053,4fa7b334-ce0d-4e88-aaae-2e0c138d049e
48.508057,32.611668,2023,,HUMAN_OBSERVATION,IR,4792361643,4fa7b334-ce0d-4e88-aaae-2e0c138d049e
40.393497,29.891088,2023,,HUMAN_OBSERVATION,SA,4795693562,4fa7b334-ce0d-4e88-aaae-2e0c138d049e
47.690083,29.317495,2023,,HUMAN_OBSERVATION,KW,4809561357,4fa7b334-ce0d-4e88-aaae-2e0c138d049e
48.325047,28.744308,2023,,HUMAN_OBSERVATION,KW,4622129113,4fa7b334-ce0d-4e88-aaae-2e0c138d049e
47.715393,29.122004,2023,,HUMAN_OBSERVATION,KW,4681558628,4fa7b334-ce0d-4e88-aaae-2e0c138d049e
47.26168,30.958958,2023,,HUMAN_OBSERVATION,IQ,4713509856,4fa7b334-ce0d-4e88-aaae-2e0c138d049e
46.97922,29.375544,2023,,HUMAN_OBSERVATION,KW,4733660951,4fa7b334-ce0d-4e88-aaae-2e0c138d049e
49.313473,34.73002,2023,,HUMAN_OBSERVATION,IR,4640016203,4fa7b334-ce0d-4e88-aaae-2e0c138d049e
48.15124,28.96854,2023,,HUMAN_OBSERVATION,KW,4658363345,4fa7b334-ce0d-4e88-aaae-2e0c138d049e
44.387066,32.20583,2023,,HUMAN_OBSERVATION,IQ,4671180100,4fa7b334-ce0d-4e88-aaae-2e0c138d049e
47.78487,31.238157,2023,,HUMAN_OBSERVATION,IR,4673892668,4fa7b334-ce0d-4e88-aaae-2e0c138d049e
47.617363,31.08932,2023,,HUMAN_OBSERVATION,IQ,4683536960,4fa7b334-ce0d-4e88-aaae-2e0c138d049e
44.360813,33.351887,2023,,HUMAN_OBSERVATION,IQ,4713858526,4fa7b334-ce0d-4e88-aaae-2e0c138d049e
44.311604,32.78467,2023,,HUMAN_OBSERVATION,IQ,4720963984,4fa7b334-ce0d-4e88-aaae-2e0c138d049e
47.840725,30.510822,2023,,HUMAN_OBSERVATION,IQ,4744843044,4fa7b334-ce0d-4e88-aaae-2e0c138d049e
47.72905,29.442474,2023,,HUMAN_OBSERVATION,KW,4648498665,4fa7b334-ce0d-4e88-aaae-2e0c138d049e
39.497128,29.890392,2023,,HUMAN_OBSERVATION,SA,4838976485,4fa7b334-ce0d-4e88-aaae-2e0c138d049e
47.273716,30.957256,2023,,HUMAN_OBSERVATION,IQ,4711907459,4fa7b334-ce0d-4e88-aaae-2e0c138d049e
47.467827,29.436234,2023,,HUMAN_OBSERVATION,KW,4662733892,4fa7b334-ce0d-4e88-aaae-2e0c138d049e
43.77962,36.35335,2023,,HUMAN_OBSERVATION,IQ,4668458742,4fa7b334-ce0d-4e88-aaae-2e0c138d049e
40.47552,29.730913,2023,,HUMAN_OBSERVATION,SA,4816888046,4fa7b334-ce0d-4e88-aaae-2e0c138d049e
46.999268,35.29374,2023,,HUMAN_OBSERVATION,IR,4712038356,4fa7b334-ce0d-4e88-aaae-2e0c138d049e
48.1554,28.88062,2023,,HUMAN_OBSERVATION,KW,4715141024,4fa7b334-ce0d-4e88-aaae-2e0c138d049e
48.72501,33.90669,2023,,HUMAN_OBSERVATION,IR,4729839147,4fa7b334-ce0d-4e88-aaae-2e0c138d049e
48.637424,31.193157,2023,,HUMAN_OBSERVATION,IR,4733991868,4fa7b334-ce0d-4e88-aaae-2e0c138d049e
47.777065,31.382706,2023,,HUMAN_OBSERVATION,IR,4815918855,4fa7b334-ce0d-4e88-aaae-2e0c138d049e
40.219658,29.812944,2023,,HUMAN_OBSERVATION,SA,4632839448,4fa7b334-ce0d-4e88-aaae-2e0c138d049e
48.534935,30.67708,2023,,HUMAN_OBSERVATION,IR,4667706620,4fa7b334-ce0d-4e88-aaae-2e0c138d049e
47.999268,32.36626,2023,,HUMAN_OBSERVATION,IR,4704047939,4fa7b334-ce0d-4e88-aaae-2e0c138d049e
40.20166,29.993362,2023,,HUMAN_OBSERVATION,SA,4704445915,4fa7b334-ce0d-4e88-aaae-2e0c138d049e
48.261997,30.470867,2023,,HUMAN_OBSERVATION,IR,4743513054,4fa7b334-ce0d-4e88-aaae-2e0c138d049e
40.35318,30.4088,2023,,HUMAN_OBSERVATION,SA,4827243307,4fa7b334-ce0d-4e88-aaae-2e0c138d049e
42.969612,36.876812,2023,,HUMAN_OBSERVATION,IQ,5448481258,4fa7b334-ce0d-4e88-aaae-2e0c138d049e
48.504047,34.77787,2023,,HUMAN_OBSERVATION,IR,4624445705,4fa7b334-ce0d-4e88-aaae-2e0c138d049e
47.705685,29.425714,2023,,HUMAN_OBSERVATION,KW,4626660239,4fa7b334-ce0d-4e88-aaae-2e0c138d049e
47.820904,29.322302,2023,,HUMAN_OBSERVATION,KW,4664020881,4fa7b334-ce0d-4e88-aaae-2e0c138d049e
48.731373,31.345556,2023,,HUMAN_OBSERVATION,IR,4735073666,4fa7b334-ce0d-4e88-aaae-2e0c138d049e
39.466747,29.858988,2023,,HUMAN_OBSERVATION,SA,4802816026,4fa7b334-ce0d-4e88-aaae-2e0c138d049e
48.743034,32.096928,2022,,HUMAN_OBSERVATION,IR,4186989238,4fa7b334-ce0d-4e88-aaae-2e0c138d049e
47.877384,29.686853,2022,,HUMAN_OBSERVATION,KW,4191823874,4fa7b334-ce0d-4e88-aaae-2e0c138d049e
48.552757,32.643597,2022,,HUMAN_OBSERVATION,IR,4194850009,4fa7b334-ce0d-4e88-aaae-2e0c138d049e
48.422417,32.408314,2022,,HUMAN_OBSERVATION,IR,4197586861,4fa7b334-ce0d-4e88-aaae-2e0c138d049e
48.324024,31.97594,2022,,HUMAN_OBSERVATION,IR,4210624221,4fa7b334-ce0d-4e88-aaae-2e0c138d049e
44.44623,33.334286,2022,,HUMAN_OBSERVATION,IQ,4294708026,4fa7b334-ce0d-4e88-aaae-2e0c138d049e
47.54003,29.34662,2022,,HUMAN_OBSERVATION,KW,4310422146,4fa7b334-ce0d-4e88-aaae-2e0c138d049e
44.420793,33.285198,2022,977.0,HUMAN_OBSERVATION,IQ,3712488241,50c9509d-22c7-4a22-a47d-8c48425ef4a7
48.26218,32.162186,2022,,HUMAN_OBSERVATION,IR,4193919889,4fa7b334-ce0d-4e88-aaae-2e0c138d049e
48.37345,32.426235,2022,,HUMAN_OBSERVATION,IR,4209289787,4fa7b334-ce0d-4e88-aaae-2e0c138d049e
49.202995,30.71947,2022,,HUMAN_OBSERVATION,IR,4226886404,4fa7b334-ce0d-4e88-aaae-2e0c138d049e
48.899616,31.828596,2022,,HUMAN_OBSERVATION,IR,4295373295,4fa7b334-ce0d-4e88-aaae-2e0c138d049e
47.21663,29.125298,2022,,HUMAN_OBSERVATION,KW,4317192267,4fa7b334-ce0d-4e88-aaae-2e0c138d049e
40.45308,29.919905,2022,,HUMAN_OBSERVATION,SA,4332678134,4fa7b334-ce0d-4e88-aaae-2e0c138d049e
44.36058,32.887481,2022,7.0,HUMAN_OBSERVATION,IQ,5104543902,50c9509d-22c7-4a22-a47d-8c48425ef4a7
47.719116,30.025309,2022,,HUMAN_OBSERVATION,KW,4226796268,4fa7b334-ce0d-4e88-aaae-2e0c138d049e
45.18597,35.700607,2022,,HUMAN_OBSERVATION,IQ,4227966832,4fa7b334-ce0d-4e88-aaae-2e0c138d049e
48.043213,28.555576,2022,,HUMAN_OBSERVATION,KW,4332834606,4fa7b334-ce0d-4e88-aaae-2e0c138d049e
48.544846,32.207806,2022,,HUMAN_OBSERVATION,IR,4343656737,4fa7b334-ce0d-4e88-aaae-2e0c138d049e
49.37305,37.47915,2022,,HUMAN_OBSERVATION,IR,4373887546,4fa7b334-ce0d-4e88-aaae-2e0c138d049e
48.791595,32.014793,2022,,HUMAN_OBSERVATION,IR,4229007865,4fa7b334-ce0d-4e88-aaae-2e0c138d049e
47.621418,30.994781,2022,,HUMAN_OBSERVATION,IQ,4259147978,4fa7b334-ce0d-4e88-aaae-2e0c138d049e
46.18037,35.518444,2022,,HUMAN_OBSERVATION,IR,4270545552,4fa7b334-ce0d-4e88-aaae-2e0c138d049e
48.60362,31.690891,2022,,HUMAN_OBSERVATION,IR,4282571457,4fa7b334-ce0d-4e88-aaae-2e0c138d049e
48.05805,29.233236,2022,,HUMAN_OBSERVATION,KW,4293535440,4fa7b334-ce0d-4e88-aaae-2e0c138d049e
44.349163,33.298838,2022,65.0,HUMAN_OBSERVATION,IQ,6552253420,50c9509d-22c7-4a22-a47d-8c48425ef4a7
46.353306,35.026966,2022,,HUMAN_OBSERVATION,IR,4181427598,4fa7b334-ce0d-4e88-aaae-2e0c138d049e
48.15678,31.798645,2022,,HUMAN_OBSERVATION,IR,4250456404,4fa7b334-ce0d-4e88-aaae-2e0c138d049e
40.037643,30.007742,2022,,HUMAN_OBSERVATION,SA,4327101405,4fa7b334-ce0d-4e88-aaae-2e0c138d049e
48.46416,31.506187,2022,,HUMAN_OBSERVATION,IR,4374956197,4fa7b334-ce0d-4e88-aaae-2e0c138d049e
44.92447,36.113472,2022,,HUMAN_OBSERVATION,IQ,4243883280,4fa7b334-ce0d-4e88-aaae-2e0c138d049e
47.78334,29.585512,2022,,HUMAN_OBSERVATION,KW,4271414013,4fa7b334-ce0d-4e88-aaae-2e0c138d049e
44.33675,33.385994,2022,,HUMAN_OBSERVATION,IQ,4229147991,4fa7b334-ce0d-4e88-aaae-2e0c138d049e
48.02851,29.21886,2022,,HUMAN_OBSERVATION,KW,4256157230,4fa7b334-ce0d-4e88-aaae-2e0c138d049e
48.483646,30.193275,2022,,HUMAN_OBSERVATION,IR,4298623656,4fa7b334-ce0d-4e88-aaae-2e0c138d049e
46.126076,33.119873,2022,,HUMAN_OBSERVATION,IQ,4309629865,4fa7b334-ce0d-4e88-aaae-2e0c138d049e
46.054108,33.12017,2022,,HUMAN_OBSERVATION,IR,4757535740,4fa7b334-ce0d-4e88-aaae-2e0c138d049e
42.177814,37.396587,2022,,HUMAN_OBSERVATION,TR,5487841390,4fa7b334-ce0d-4e88-aaae-2e0c138d049e
47.208984,29.116665,2022,,HUMAN_OBSERVATION,KW,4347674857,4fa7b334-ce0d-4e88-aaae-2e0c138d049e
47.80453,29.142683,2022,,HUMAN_OBSERVATION,KW,4189383044,4fa7b334-ce0d-4e88-aaae-2e0c138d049e
47.06272,34.351837,2022,,HUMAN_OBSERVATION,IR,4227109303,4fa7b334-ce0d-4e88-aaae-2e0c138d049e
48.951424,31.749338,2022,,HUMAN_OBSERVATION,IR,4390601276,4fa7b334-ce0d-4e88-aaae-2e0c138d049e
47.73613,29.25889,2022,,HUMAN_OBSERVATION,KW,4394903074,4fa7b334-ce0d-4e88-aaae-2e0c138d049e
48.002556,29.388133,2022,40.0,HUMAN_OBSERVATION,KW,4018135158,50c9509d-22c7-4a22-a47d-8c48425ef4a7
43.980846,36.19152,2022,,HUMAN_OBSERVATION,IQ,4302269636,4fa7b334-ce0d-4e88-aaae-2e0c138d049e
48.963562,31.685452,2022,,HUMAN_OBSERVATION,IR,4302517946,4fa7b334-ce0d-4e88-aaae-2e0c138d049e
48.269722,28.738161,2021,,HUMAN_OBSERVATION,KW,3511329430,4fa7b334-ce0d-4e88-aaae-2e0c138d049e
47.80731,29.930061,2021,,HUMAN_OBSERVATION,KW,3583439979,4fa7b334-ce0d-4e88-aaae-2e0c138d049e
49.214596,31.994644,2021,,HUMAN_OBSERVATION,IR,3603671265,4fa7b334-ce0d-4e88-aaae-2e0c138d049e
48.217762,32.332436,2021,,HUMAN_OBSERVATION,IR,3609420134,4fa7b334-ce0d-4e88-aaae-2e0c138d049e
44.321273,32.837306,2021,700.0,HUMAN_OBSERVATION,IQ,3039447908,50c9509d-22c7-4a22-a47d-8c48425ef4a7
48.382526,32.37384,2021,,HUMAN_OBSERVATION,IR,4296585263,4fa7b334-ce0d-4e88-aaae-2e0c138d049e
49.162178,30.706528,2021,,HUMAN_OBSERVATION,IR,3509799043,4fa7b334-ce0d-4e88-aaae-2e0c138d049e
40.792915,29.679016,2021,,HUMAN_OBSERVATION,SA,3636986077,4fa7b334-ce0d-4e88-aaae-2e0c138d049e
46.398933,33.4997,2021,,HUMAN_OBSERVATION,IR,3642422566,4fa7b334-ce0d-4e88-aaae-2e0c138d049e
47.045376,33.24964,2021,,HUMAN_OBSERVATION,IR,3648902726,4fa7b334-ce0d-4e88-aaae-2e0c138d049e
44.93202,31.968567,2021,,HUMAN_OBSERVATION,IQ,3526357444,4fa7b334-ce0d-4e88-aaae-2e0c138d049e
44.961136,31.939299,2021,,HUMAN_OBSERVATION,IQ,3633517017,4fa7b334-ce0d-4e88-aaae-2e0c138d049e
44.717953,31.471216,2021,,HUMAN_OBSERVATION,IQ,3532329809,4fa7b334-ce0d-4e88-aaae-2e0c138d049e
42.20953,37.33096,2021,,HUMAN_OBSERVATION,TR,3594257007,4fa7b334-ce0d-4e88-aaae-2e0c138d049e
42.45525,37.255257,2021,,HUMAN_OBSERVATION,TR,3615646327,4fa7b334-ce0d-4e88-aaae-2e0c138d049e
44.851418,31.947056,2021,,HUMAN_OBSERVATION,IQ,3640545530,4fa7b334-ce0d-4e88-aaae-2e0c138d049e
44.266083,33.53144,2021,,HUMAN_OBSERVATION,IQ,3657732157,4fa7b334-ce0d-4e88-aaae-2e0c138d049e
48.839996,32.275986,2021,,HUMAN_OBSERVATION,IR,4271447624,4fa7b334-ce0d-4e88-aaae-2e0c138d049e
44.92807,36.490025,2021,,HUMAN_OBSERVATION,IQ,3614003403,4fa7b334-ce0d-4e88-aaae-2e0c138d049e
41.44176,29.247377,2021,,HUMAN_OBSERVATION,SA,3573333422,4fa7b334-ce0d-4e88-aaae-2e0c138d049e
48.527096,31.178297,2021,,HUMAN_OBSERVATION,IR,3535667069,4fa7b334-ce0d-4e88-aaae-2e0c138d049e
49.15746,30.71808,2021,,HUMAN_OBSERVATION,IR,3562401383,4fa7b334-ce0d-4e88-aaae-2e0c138d049e
48.9026,32.00535,2021,,HUMAN_OBSERVATION,IR,3571949522,4fa7b334-ce0d-4e88-aaae-2e0c138d049e
40.558624,35.050095,2021,,HUMAN_OBSERVATION,SY,3577504665,4fa7b334-ce0d-4e88-aaae-2e0c138d049e
48.60814,31.753603,2021,,HUMAN_OBSERVATION,IR,3580188625,4fa7b334-ce0d-4e88-aaae-2e0c138d049e
48.657413,31.666481,2021,,HUMAN_OBSERVATION,IR,3653774821,4fa7b334-ce0d-4e88-aaae-2e0c138d049e
48.546425,37.63779,2021,,HUMAN_OBSERVATION,IR,3659660740,4fa7b334-ce0d-4e88-aaae-2e0c138d049e
48.15541,29.037506,2021,,HUMAN_OBSERVATION,KW,3664899228,4fa7b334-ce0d-4e88-aaae-2e0c138d049e
44.23275,33.2647,2021,,HUMAN_OBSERVATION,IQ,3582902865,4fa7b334-ce0d-4e88-aaae-2e0c138d049e
40.118145,35.358025,2021,,HUMAN_OBSERVATION,SY,3652560874,4fa7b334-ce0d-4e88-aaae-2e0c138d049e
42.966137,33.426777,2021,,HUMAN_OBSERVATION,IQ,3666791629,4fa7b334-ce0d-4e88-aaae-2e0c138d049e
49.169342,31.840485,2021,,HUMAN_OBSERVATION,IR,3668384023,4fa7b334-ce0d-4e88-aaae-2e0c138d049e
49.165863,31.894964,2021,,HUMAN_OBSERVATION,IR,3690138470,4fa7b334-ce0d-4e88-aaae-2e0c138d049e
48.79182,32.015064,2021,,HUMAN_OBSERVATION,IR,3552696824,4fa7b334-ce0d-4e88-aaae-2e0c138d049e
48.656525,31.288193,2021,,HUMAN_OBSERVATION,IR,3556150610,4fa7b334-ce0d-4e88-aaae-2e0c138d049e
48.908474,31.749424,2021,,HUMAN_OBSERVATION,IR,3625824478,4fa7b334-ce0d-4e88-aaae-2e0c138d049e
47.885506,31.785076,2021,,HUMAN_OBSERVATION,IR,3638151025,4fa7b334-ce0d-4e88-aaae-2e0c138d049e
47.64712,29.362296,2020,5.0,HUMAN_OBSERVATION,KW,2843608481,8a863029-f435-446a-821e-275f4f641165
48.517,32.672,2020,,HUMAN_OBSERVATION,IR,3133880857,4fa7b334-ce0d-4e88-aaae-2e0c138d049e
48.45531,31.831644,2020,,HUMAN_OBSERVATION,IR,3135496756,4fa7b334-ce0d-4e88-aaae-2e0c138d049e
42.478664,37.25692,2020,,HUMAN_OBSERVATION,TR,3217747774,4fa7b334-ce0d-4e88-aaae-2e0c138d049e
42.453056,33.725277,2020,,HUMAN_OBSERVATION,IQ,3237683583,4fa7b334-ce0d-4e88-aaae-2e0c138d049e
42.471077,37.24834,2020,,HUMAN_OBSERVATION,TR,3136137922,4fa7b334-ce0d-4e88-aaae-2e0c138d049e
48.60609,31.659578,2020,,HUMAN_OBSERVATION,IR,3145888740,4fa7b334-ce0d-4e88-aaae-2e0c138d049e
48.17608,28.874306,2020,,HUMAN_OBSERVATION,KW,3155132965,4fa7b334-ce0d-4e88-aaae-2e0c138d049e
47.79959,31.404583,2020,,HUMAN_OBSERVATION,IR,4241503770,4fa7b334-ce0d-4e88-aaae-2e0c138d049e
47.777397,29.438875,2020,,HUMAN_OBSERVATION,KW,3140431807,4fa7b334-ce0d-4e88-aaae-2e0c138d049e
48.17774,31.793663,2020,,HUMAN_OBSERVATION,IR,3153957269,4fa7b334-ce0d-4e88-aaae-2e0c138d049e
37.62955,31.386389,2020,,HUMAN_OBSERVATION,SA,3675626917,4fa7b334-ce0d-4e88-aaae-2e0c138d049e
47.31342,33.133648,2020,,HUMAN_OBSERVATION,IR,3203045054,4fa7b334-ce0d-4e88-aaae-2e0c138d049e
48.22112,30.358599,2020,,HUMAN_OBSERVATION,IR,3164301775,4fa7b334-ce0d-4e88-aaae-2e0c138d049e
47.670883,29.81901,2020,,HUMAN_OBSERVATION,KW,3178219666,4fa7b334-ce0d-4e88-aaae-2e0c138d049e
46.07732,31.807642,2020,,HUMAN_OBSERVATION,IQ,3188821763,4fa7b334-ce0d-4e88-aaae-2e0c138d049e
47.323483,31.701431,2020,,HUMAN_OBSERVATION,IQ,3197718015,4fa7b334-ce0d-4e88-aaae-2e0c138d049e
40.21391,30.273691,2020,,HUMAN_OBSERVATION,SA,5464379691,4fa7b334-ce0d-4e88-aaae-2e0c138d049e
49.14422,30.530201,2020,,HUMAN_OBSERVATION,IR,3179331817,4fa7b334-ce0d-4e88-aaae-2e0c138d049e
49.412136,31.830334,2020,,HUMAN_OBSERVATION,IR,3189909677,4fa7b334-ce0d-4e88-aaae-2e0c138d049e
49.161926,30.6245,2020,,HUMAN_OBSERVATION,IR,3190445729,4fa7b334-ce0d-4e88-aaae-2e0c138d049e
45.46344,32.08256,2020,,HUMAN_OBSERVATION,IQ,3199714898,4fa7b334-ce0d-4e88-aaae-2e0c138d049e
48.979046,31.905598,2020,,HUMAN_OBSERVATION,IR,3261855228,4fa7b334-ce0d-4e88-aaae-2e0c138d049e
45.451992,32.087524,2020,,HUMAN_OBSERVATION,IQ,3262956279,4fa7b334-ce0d-4e88-aaae-2e0c138d049e
45.54404,32.108524,2020,,HUMAN_OBSERVATION,IQ,3214368211,4fa7b334-ce0d-4e88-aaae-2e0c138d049e
48.414772,32.32875,2020,,HUMAN_OBSERVATION,IR,3269282764,4fa7b334-ce0d-4e88-aaae-2e0c138d049e
44.96059,35.928158,2019,,HUMAN_OBSERVATION,IQ,2652958819,4fa7b334-ce0d-4e88-aaae-2e0c138d049e
48.690586,32.082058,2019,,HUMAN_OBSERVATION,IR,2731015141,4fa7b334-ce0d-4e88-aaae-2e0c138d049e
45.425804,35.611534,2019,,HUMAN_OBSERVATION,IQ,2738165694,4fa7b334-ce0d-4e88-aaae-2e0c138d049e
42.818314,36.627365,2019,,HUMAN_OBSERVATION,IQ,2667663629,4fa7b334-ce0d-4e88-aaae-2e0c138d049e
48.371605,32.25086,2019,,HUMAN_OBSERVATION,IR,2728948451,4fa7b334-ce0d-4e88-aaae-2e0c138d049e
45.573666,34.50165,2019,,HUMAN_OBSERVATION,IR,2801115504,4fa7b334-ce0d-4e88-aaae-2e0c138d049e
44.769173,36.140663,2019,,HUMAN_OBSERVATION,IQ,2662379654,4fa7b334-ce0d-4e88-aaae-2e0c138d049e
45.021145,35.90255,2019,,HUMAN_OBSERVATION,IQ,2670201407,4fa7b334-ce0d-4e88-aaae-2e0c138d049e
45.49802,33.998238,2019,,HUMAN_OBSERVATION,IR,2713020177,4fa7b334-ce0d-4e88-aaae-2e0c138d049e
48.3572,28.64853,2019,,HUMAN_OBSERVATION,KW,2768575170,4fa7b334-ce0d-4e88-aaae-2e0c138d049e
46.9572,29.3725,2019,,HUMAN_OBSERVATION,KW,2776230681,4fa7b334-ce0d-4e88-aaae-2e0c138d049e
49.115276,32.34468,2019,,HUMAN_OBSERVATION,IR,2796789171,4fa7b334-ce0d-4e88-aaae-2e0c138d049e
46.18636,33.4577,2019,,HUMAN_OBSERVATION,IR,2675268587,4fa7b334-ce0d-4e88-aaae-2e0c138d049e
46.827076,33.427692,2019,,HUMAN_OBSERVATION,IR,2751826782,4fa7b334-ce0d-4e88-aaae-2e0c138d049e
44.322777,36.36361,2019,,HUMAN_OBSERVATION,IQ,2758055033,4fa7b334-ce0d-4e88-aaae-2e0c138d049e
48.76062,32.30153,2019,,HUMAN_OBSERVATION,IR,2791536065,4fa7b334-ce0d-4e88-aaae-2e0c138d049e
45.6614,32.52221,2019,,HUMAN_OBSERVATION,IQ,2748036952,4fa7b334-ce0d-4e88-aaae-2e0c138d049e
47.7624,30.052671,2019,,HUMAN_OBSERVATION,KW,2726240441,4fa7b334-ce0d-4e88-aaae-2e0c138d049e
48.277115,31.965609,2019,,HUMAN_OBSERVATION,IR,2790929666,4fa7b334-ce0d-4e88-aaae-2e0c138d049e
48.013016,28.543829,2019,,HUMAN_OBSERVATION,KW,5585319423,4fa7b334-ce0d-4e88-aaae-2e0c138d049e
44.36554,33.94051,2018,,HUMAN_OBSERVATION,IQ,2105713369,4fa7b334-ce0d-4e88-aaae-2e0c138d049e
42.839203,36.609165,2018,,HUMAN_OBSERVATION,IQ,2119021354,4fa7b334-ce0d-4e88-aaae-2e0c138d049e
47.992756,28.535421,2018,,HUMAN_OBSERVATION,KW,2136447077,4fa7b334-ce0d-4e88-aaae-2e0c138d049e
45.431,35.56482,2018,,HUMAN_OBSERVATION,IQ,2132083927,4fa7b334-ce0d-4e88-aaae-2e0c138d049e
42.42884,33.800262,2018,,HUMAN_OBSERVATION,IQ,2138997932,4fa7b334-ce0d-4e88-aaae-2e0c138d049e
48.451687,31.939634,2018,,HUMAN_OBSERVATION,IR,2132853959,4fa7b334-ce0d-4e88-aaae-2e0c138d049e
48.395252,32.055336,2018,,HUMAN_OBSERVATION,IR,2156802087,4fa7b334-ce0d-4e88-aaae-2e0c138d049e
45.021694,35.808903,2018,,HUMAN_OBSERVATION,IQ,2152973752,4fa7b334-ce0d-4e88-aaae-2e0c138d049e
43.815514,36.422043,2018,,HUMAN_OBSERVATION,IQ,2160068021,4fa7b334-ce0d-4e88-aaae-2e0c138d049e
48.329327,31.958027,2018,,HUMAN_OBSERVATION,IR,4367610066,4fa7b334-ce0d-4e88-aaae-2e0c138d049e
44.91578,35.924408,2018,,HUMAN_OBSERVATION,IQ,2181287448,4fa7b334-ce0d-4e88-aaae-2e0c138d049e
40.41083,30.052738,2018,,HUMAN_OBSERVATION,SA,3647312139,4fa7b334-ce0d-4e88-aaae-2e0c138d049e
47.840996,28.630337,2018,,HUMAN_OBSERVATION,KW,2200270870,4fa7b334-ce0d-4e88-aaae-2e0c138d049e
48.62875,31.720064,2018,,HUMAN_OBSERVATION,IR,2201383585,4fa7b334-ce0d-4e88-aaae-2e0c138d049e
47.773582,29.959164,2017,,HUMAN_OBSERVATION,KW,2032549916,4fa7b334-ce0d-4e88-aaae-2e0c138d049e
47.692158,30.043318,2017,,HUMAN_OBSERVATION,KW,2033039328,4fa7b334-ce0d-4e88-aaae-2e0c138d049e
45.380386,35.2872,2017,,HUMAN_OBSERVATION,IQ,2033091127,4fa7b334-ce0d-4e88-aaae-2e0c138d049e
48.284184,28.871944,2017,,HUMAN_OBSERVATION,KW,2036909813,4fa7b334-ce0d-4e88-aaae-2e0c138d049e
48.032654,28.53076,2017,,HUMAN_OBSERVATION,KW,2039350141,4fa7b334-ce0d-4e88-aaae-2e0c138d049e
47.917377,29.182016,2017,,HUMAN_OBSERVATION,KW,2124880729,4fa7b334-ce0d-4e88-aaae-2e0c138d049e
42.822777,36.621292,2017,,HUMAN_OBSERVATION,IQ,2046309693,4fa7b334-ce0d-4e88-aaae-2e0c138d049e
48.820324,32.04668,2017,,HUMAN_OBSERVATION,IR,2055306145,4fa7b334-ce0d-4e88-aaae-2e0c138d049e
45.24144,35.759888,2017,,HUMAN_OBSERVATION,IQ,2044492942,4fa7b334-ce0d-4e88-aaae-2e0c138d049e
48.88155,31.559645,2017,,HUMAN_OBSERVATION,IR,2056475703,4fa7b334-ce0d-4e88-aaae-2e0c138d049e
48.5667,31.9232,2017,,HUMAN_OBSERVATION,IR,2243796425,b1047888-ae52-4179-9dd5-5448ea342a24
47.803427,30.479441,2017,135.0,HUMAN_OBSERVATION,IQ,1990453079,50c9509d-22c7-4a22-a47d-8c48425ef4a7
47.74611,29.292538,2017,,HUMAN_OBSERVATION,KW,2090886325,4fa7b334-ce0d-4e88-aaae-2e0c138d049e
44.90588,35.995922,2017,,HUMAN_OBSERVATION,IQ,2094014484,4fa7b334-ce0d-4e88-aaae-2e0c138d049e
48.355064,31.21651,2017,,HUMAN_OBSERVATION,IR,2097948734,4fa7b334-ce0d-4e88-aaae-2e0c138d049e
44.743,36.150627,2017,,HUMAN_OBSERVATION,IQ,2108761062,4fa7b334-ce0d-4e88-aaae-2e0c138d049e
48.43711,32.11065,2017,,HUMAN_OBSERVATION,IR,2109280473,4fa7b334-ce0d-4e88-aaae-2e0c138d049e
48.2173,30.44516,2017,,HUMAN_OBSERVATION,IR,4364480972,4fa7b334-ce0d-4e88-aaae-2e0c138d049e
47.729656,29.248735,2016,,HUMAN_OBSERVATION,KW,1714478452,4fa7b334-ce0d-4e88-aaae-2e0c138d049e
48.255344,32.014973,2016,,HUMAN_OBSERVATION,IR,1717005753,4fa7b334-ce0d-4e88-aaae-2e0c138d049e
48.542233,30.700516,2016,,HUMAN_OBSERVATION,IR,1717061754,4fa7b334-ce0d-4e88-aaae-2e0c138d049e
48.455627,30.722801,2016,,HUMAN_OBSERVATION,IR,1717355643,4fa7b334-ce0d-4e88-aaae-2e0c138d049e
48.96512,30.573051,2016,,HUMAN_OBSERVATION,IR,1717486799,4fa7b334-ce0d-4e88-aaae-2e0c138d049e
48.973682,31.2448,2016,,HUMAN_OBSERVATION,IR,1717976018,4fa7b334-ce0d-4e88-aaae-2e0c138d049e
48.30105,32.0546,2016,,HUMAN_OBSERVATION,IR,1721586500,4fa7b334-ce0d-4e88-aaae-2e0c138d049e
48.406963,32.68042,2016,,HUMAN_OBSERVATION,IR,1722449600,4fa7b334-ce0d-4e88-aaae-2e0c138d049e
48.35943,32.29646,2016,,HUMAN_OBSERVATION,IR,1722581675,4fa7b334-ce0d-4e88-aaae-2e0c138d049e
48.30593,28.766613,2016,,HUMAN_OBSERVATION,KW,1724329478,4fa7b334-ce0d-4e88-aaae-2e0c138d049e
45.503117,34.4113,2016,,HUMAN_OBSERVATION,IR,2219569007,4fa7b334-ce0d-4e88-aaae-2e0c138d049e
45.86908,34.46271,2016,,HUMAN_OBSERVATION,IR,2722616767,4fa7b334-ce0d-4e88-aaae-2e0c138d049e
48.494633,32.440556,2016,,HUMAN_OBSERVATION,IR,1729448580,4fa7b334-ce0d-4e88-aaae-2e0c138d049e
48.444233,31.95926,2016,,HUMAN_OBSERVATION,IR,1729593746,4fa7b334-ce0d-4e88-aaae-2e0c138d049e
48.522724,32.50371,2016,,HUMAN_OBSERVATION,IR,1729690908,4fa7b334-ce0d-4e88-aaae-2e0c138d049e
44.977093,35.797295,2016,,HUMAN_OBSERVATION,IQ,1736959237,4fa7b334-ce0d-4e88-aaae-2e0c138d049e
40.05329,36.909317,2016,,HUMAN_OBSERVATION,TR,5710814287,4fa7b334-ce0d-4e88-aaae-2e0c138d049e
44.94436,35.872047,2016,,HUMAN_OBSERVATION,IQ,1778122121,4fa7b334-ce0d-4e88-aaae-2e0c138d049e
47.709053,29.555498,2015,,HUMAN_OBSERVATION,KW,1346765923,4fa7b334-ce0d-4e88-aaae-2e0c138d049e
48.10175,29.082802,2015,,HUMAN_OBSERVATION,KW,1347944572,4fa7b334-ce0d-4e88-aaae-2e0c138d049e
48.35506,28.668985,2015,,HUMAN_OBSERVATION,KW,1352196640,4fa7b334-ce0d-4e88-aaae-2e0c138d049e
48.543648,32.032455,2015,,HUMAN_OBSERVATION,IR,1353872534,4fa7b334-ce0d-4e88-aaae-2e0c138d049e
48.35671,32.226017,2015,,HUMAN_OBSERVATION,IR,1354050856,4fa7b334-ce0d-4e88-aaae-2e0c138d049e
47.7589,29.22477,2015,,HUMAN_OBSERVATION,KW,1397686287,4fa7b334-ce0d-4e88-aaae-2e0c138d049e
48.312378,28.692997,2014,,HUMAN_OBSERVATION,KW,1158447671,4fa7b334-ce0d-4e88-aaae-2e0c138d049e
37.982483,37.033802,2014,,HUMAN_OBSERVATION,TR,5489319351,4fa7b334-ce0d-4e88-aaae-2e0c138d049e
47.67137,29.917637,2014,,HUMAN_OBSERVATION,KW,1163031275,4fa7b334-ce0d-4e88-aaae-2e0c138d049e
47.742462,29.628384,2014,,HUMAN_OBSERVATION,KW,1166706419,4fa7b334-ce0d-4e88-aaae-2e0c138d049e
47.856285,29.224878,2014,,HUMAN_OBSERVATION,KW,1166884455,4fa7b334-ce0d-4e88-aaae-2e0c138d049e
47.725044,29.057615,2014,,HUMAN_OBSERVATION,KW,1178252260,4fa7b334-ce0d-4e88-aaae-2e0c138d049e
48.648148,31.69424,2014,,HUMAN_OBSERVATION,IR,1181409314,4fa7b334-ce0d-4e88-aaae-2e0c138d049e
47.709824,29.399414,2014,,HUMAN_OBSERVATION,KW,1182183592,4fa7b334-ce0d-4e88-aaae-2e0c138d049e
45.37568,35.574997,2014,,HUMAN_OBSERVATION,IQ,1183918693,4fa7b334-ce0d-4e88-aaae-2e0c138d049e
37.984413,37.063686,2014,,HUMAN_OBSERVATION,TR,1707797640,4fa7b334-ce0d-4e88-aaae-2e0c138d049e
37.898919,37.057135,2014,244.0,HUMAN_OBSERVATION,TR,3988789971,50c9509d-22c7-4a22-a47d-8c48425ef4a7
48.422585,30.129313,2013,,HUMAN_OBSERVATION,IR,957211479,4fa7b334-ce0d-4e88-aaae-2e0c138d049e
48.254283,32.195795,2013,3961.0,HUMAN_OBSERVATION,IR,6178509830,50c9509d-22c7-4a22-a47d-8c48425ef4a7
47.572723,30.041304,2013,,HUMAN_OBSERVATION,KW,2718446550,4fa7b334-ce0d-4e88-aaae-2e0c138d049e
39.86561,30.058397,2013,,HUMAN_OBSERVATION,SA,974835697,4fa7b334-ce0d-4e88-aaae-2e0c138d049e
40.301723,29.811695,2012,,HUMAN_OBSERVATION,SA,839204481,4fa7b334-ce0d-4e88-aaae-2e0c138d049e
43.004807,36.87424,2012,,HUMAN_OBSERVATION,IQ,838999797,4fa7b334-ce0d-4e88-aaae-2e0c138d049e
40.199768,30.044527,2012,,HUMAN_OBSERVATION,SA,839433354,4fa7b334-ce0d-4e88-aaae-2e0c138d049e
37.802848,37.007939,2012,66.0,HUMAN_OBSERVATION,TR,4980377731,50c9509d-22c7-4a22-a47d-8c48425ef4a7
44.251556,33.275436,2011,,HUMAN_OBSERVATION,IQ,597992721,4fa7b334-ce0d-4e88-aaae-2e0c138d049e
47.703323,30.531363,2011,,HUMAN_OBSERVATION,IQ,598219773,4fa7b334-ce0d-4e88-aaae-2e0c138d049e
46.098846,30.950966,2011,,HUMAN_OBSERVATION,IQ,598024631,4fa7b334-ce0d-4e88-aaae-2e0c138d049e
45.728703,32.493114,2011,,HUMAN_OBSERVATION,IQ,598130078,4fa7b334-ce0d-4e88-aaae-2e0c138d049e
44.385967,33.943954,2011,,HUMAN_OBSERVATION,IQ,598282961,4fa7b334-ce0d-4e88-aaae-2e0c138d049e
44.949623,35.94717,2011,,HUMAN_OBSERVATION,IQ,3560492324,4fa7b334-ce0d-4e88-aaae-2e0c138d049e
44.459072,32.809574,2011,,HUMAN_OBSERVATION,IQ,598218728,4fa7b334-ce0d-4e88-aaae-2e0c138d049e
40.157433,35.339775,2010,,HUMAN_OBSERVATION,SY,4262681933,4fa7b334-ce0d-4e88-aaae-2e0c138d049e
47.88391,29.259596,2010,,HUMAN_OBSERVATION,KW,596577452,4fa7b334-ce0d-4e88-aaae-2e0c138d049e
43.86001,32.58929,2010,,HUMAN_OBSERVATION,IQ,3557030185,4fa7b334-ce0d-4e88-aaae-2e0c138d049e
45.17772,34.3348,2009,,HUMAN_OBSERVATION,IQ,2228234724,4fa7b334-ce0d-4e88-aaae-2e0c138d049e
45.755,35.144722,2009,,HUMAN_OBSERVATION,IQ,2228243657,4fa7b334-ce0d-4e88-aaae-2e0c138d049e
44.623333,35.892776,2009,,HUMAN_OBSERVATION,IQ,2228927054,4fa7b334-ce0d-4e88-aaae-2e0c138d049e
47.718365,29.951736,2009,,HUMAN_OBSERVATION,KW,5461986161,4fa7b334-ce0d-4e88-aaae-2e0c138d049e
45.126476,35.856186,2009,,HUMAN_OBSERVATION,IQ,2220015026,4fa7b334-ce0d-4e88-aaae-2e0c138d049e
45.194443,35.460278,2009,,HUMAN_OBSERVATION,IQ,2230480817,4fa7b334-ce0d-4e88-aaae-2e0c138d049e
43.07139,37.03,2009,,HUMAN_OBSERVATION,IQ,2220088063,4fa7b334-ce0d-4e88-aaae-2e0c138d049e
45.319912,35.282692,2009,,HUMAN_OBSERVATION,IQ,2220119941,4fa7b334-ce0d-4e88-aaae-2e0c138d049e
48.35536,28.728302,2008,,HUMAN_OBSERVATION,KW,5629552024,4fa7b334-ce0d-4e88-aaae-2e0c138d049e
43.880167,33.313136,2008,204.0,HUMAN_OBSERVATION,IQ,5133114325,50c9509d-22c7-4a22-a47d-8c48425ef4a7
47.93341,28.640497,2008,,HUMAN_OBSERVATION,KW,5713606425,4fa7b334-ce0d-4e88-aaae-2e0c138d049e
47.289066,31.521254,2008,,HUMAN_OBSERVATION,IQ,1148971560,4fa7b334-ce0d-4e88-aaae-2e0c138d049e
44.237034,33.293285,2007,,HUMAN_OBSERVATION,IQ,837695093,4fa7b334-ce0d-4e88-aaae-2e0c138d049e
44.59242,33.795055,2007,,HUMAN_OBSERVATION,IQ,837710373,4fa7b334-ce0d-4e88-aaae-2e0c138d049e
45.16528,35.87528,2007,,HUMAN_OBSERVATION,IQ,2230876086,4fa7b334-ce0d-4e88-aaae-2e0c138d049e
43.3834,36.16217,2007,,HUMAN_OBSERVATION,IQ,2229083232,4fa7b334-ce0d-4e88-aaae-2e0c138d049e
40.156403,35.326332,2006,,HUMAN_OBSERVATION,SY,595772969,4fa7b334-ce0d-4e88-aaae-2e0c138d049e
44.264973,33.30598,2006,,HUMAN_OBSERVATION,IQ,837586870,4fa7b334-ce0d-4e88-aaae-2e0c138d049e
44.247433,33.515244,2006,,HUMAN_OBSERVATION,IQ,837627424,4fa7b334-ce0d-4e88-aaae-2e0c138d049e
48.0899,28.5586,2006,,PRESERVED_SPECIMEN,KW,3415155450,84829fe4-f762-11e1-a439-00145eb45e9a
48.6138,32.09929,2005,,HUMAN_OBSERVATION,IR,2209384272,4fa7b334-ce0d-4e88-aaae-2e0c138d049e
44.26051,34.16254,2004,,HUMAN_OBSERVATION,IQ,837483183,4fa7b334-ce0d-4e88-aaae-2e0c138d049e
43.116215,36.297153,2004,,HUMAN_OBSERVATION,IQ,837526027,4fa7b334-ce0d-4e88-aaae-2e0c138d049e
43.123726,36.390743,2004,,HUMAN_OBSERVATION,IQ,837482899,4fa7b334-ce0d-4e88-aaae-2e0c138d049e
43.143604,36.33633,2004,,HUMAN_OBSERVATION,IQ,837524671,4fa7b334-ce0d-4e88-aaae-2e0c138d049e
47.08106,31.819853,2003,,HUMAN_OBSERVATION,IQ,4322346695,4fa7b334-ce0d-4e88-aaae-2e0c138d049e
38.527134,34.52612,2002,,HUMAN_OBSERVATION,SY,2233905675,4fa7b334-ce0d-4e88-aaae-2e0c138d049e
47.7823,29.37075,2001,,HUMAN_OBSERVATION,KW,5300444088,4fa7b334-ce0d-4e88-aaae-2e0c138d049e
48.285984,30.348362,1978,,HUMAN_OBSERVATION,IR,1788146759,4fa7b334-ce0d-4e88-aaae-2e0c138d049e
48.212574,30.395016,1978,,HUMAN_OBSERVATION,IR,1383191184,4fa7b334-ce0d-4e88-aaae-2e0c138d049e
