lon,lat,bio_1,bio_7,bio_12,bio_14,bio_15
47.54277,29.348688,25.390999,39.511997,112.0,0.0,87.3733
47.815207,29.184687,25.825333,39.960003,108.0,0.0,89.94948
47.902511,29.334683,25.9625,38.76667,108.0,0.0,89.544304
47.9662,29.370889,25.961,38.572,115.0,0.0,92.26812
44.425641,32.494926,23.735332,39.112,110.0,0.0,91.48871
48.60147,31.34969,25.185,39.288002,251.0,0.0,106.17931
47.30868,33.20568,20.568167,39.948,397.0,0.0,90.40085
43.57204,33.2434,22.428,38.66,118.0,0.0,85.858635
44.655339,33.763764,23.043333,38.788,183.0,0.0,93.22158
42.078227,37.408579,18.855,38.028,649.0,0.0,81.94692
48.078143,29.328565,26.0405,38.376,116.0,0.0,93.69316
47.810007,30.451305,24.856667,37.604,143.0,0.0,94.26904
48.508721,36.68298,10.912,36.86,301.0,4.0,67.98461
40.30147,29.788765,22.249834,37.944,65.0,0.0,79.03573
40.156498,29.902292,22.609001,37.836,62.0,0.0,79.69328
40.275505,29.882643,22.794666,38.276,62.0,0.0,77.256226
48.227123,32.06813,24.045834,38.92,336.0,0.0,105.59937
48.129047,29.129276,25.9125,37.1,98.0,0.0,92.664055
48.078854,29.15201,25.7995,39.472,102.0,0.0,92.477036
40.322334,30.156614,22.517,38.364,66.0,0.0,79.67119
47.756454,29.293419,26.066168,39.975998,106.0,0.0,89.27204
40.094387,30.067635,22.493334,38.107998,62.0,0.0,78.17902
44.382046,32.785763,23.190666,39.444,127.0,0.0,92.722824
47.80602,29.348183,25.99643,39.471428,106.0,0.0,89.27204
48.824944,32.15485,24.7185,39.648003,396.0,0.0,107.00533
44.57646,33.07716,22.734667,39.492,147.0,0.0,91.53993
48.173923,32.292797,23.6895,39.368,366.0,0.0,104.69192
48.45803,32.632362,22.7895,37.592,428.0,0.0,99.70806
48.898746,31.662354,25.200834,39.18,329.0,0.0,108.72868
47.858547,31.478123,23.722334,36.356003,217.0,0.0,102.38069
49.218285,30.55312,25.708166,37.868,248.0,0.0,114.91092
47.737396,31.300776,24.184,39.3,190.0,0.0,100.80992
48.191063,32.216507,23.957333,39.4,358.0,0.0,105.45491
48.39369,28.55251,25.9325,36.365,109.0,0.0,94.97891
47.88523,31.26294,24.378334,38.348,202.0,0.0,102.11245
48.109257,30.45379,24.974167,37.828,164.0,0.0,96.35058
48.519386,29.977045,25.513834,36.452,155.0,0.0,100.3399
48.51951,32.302612,24.142,40.008003,404.0,0.0,106.14681
47.61374,30.449314,24.501833,38.364002,139.0,0.0,92.3956
47.909,29.572233,25.683,40.160004,106.0,0.0,90.42308
48.65547,31.296482,25.205833,38.547997,259.0,0.0,105.20189
48.22895,28.90197,25.987038,37.422222,96.0,0.0,94.518684
48.38606,28.64303,25.9075,35.68,107.0,0.0,93.95517
40.421448,29.847275,22.6525,38.424,66.0,0.0,79.1292
48.172733,28.965132,25.9625,37.25,94.0,0.0,93.332535
42.19408,37.3277,19.4065,38.343998,665.0,0.0,84.23935
48.477207,31.56715,24.850166,39.368,277.0,0.0,105.28981
47.699863,29.174362,25.624,39.888,115.0,0.0,89.04508
39.907654,29.80956,22.5905,37.107998,57.0,0.0,79.22116
47.968132,29.271156,26.008667,39.468002,110.0,0.0,91.96813
49.331863,31.884361,25.289833,40.3,412.0,0.0,107.38681
47.694366,32.77084,22.201334,39.760002,388.0,0.0,94.84533
48.35216,33.511574,18.422167,39.464,449.0,0.0,87.39989
46.325417,35.22267,14.237833,39.196,766.0,0.0,89.22736
48.090122,29.269028,26.071667,38.4,109.0,0.0,92.88476
48.328293,32.796196,22.042334,39.288,442.0,0.0,97.239426
48.267605,31.587168,24.641333,39.256,273.0,0.0,105.27273
48.38512,28.741928,25.871529,36.033333,103.0,0.0,93.591896
47.614403,29.590475,25.3075,39.792,107.0,0.0,87.11391
38.86391,30.672773,20.860167,36.676,62.0,0.0,72.46616
49.322453,30.481573,25.712334,37.264,245.0,0.0,115.5876
48.109592,29.208654,26.076136,38.645454,104.0,0.0,93.19048
48.89489,32.65307,21.397833,39.432,424.0,0.0,98.54129
48.046864,31.306786,24.508833,38.88,222.0,0.0,103.08724
47.730595,29.357735,25.979824,39.41579,102.0,0.0,88.240875
48.318825,32.745,22.993334,40.267998,428.0,0.0,98.89776
48.84104,32.032093,25.105999,39.112,380.0,0.0,108.05995
40.236996,29.949541,22.877666,38.304,58.0,0.0,79.34799
47.8153,29.27114,26.009167,39.932,109.0,0.0,90.64369
42.941135,36.880764,18.417168,38.476,759.0,0.0,91.33976
48.60681,31.121664,25.049,38.295998,232.0,0.0,105.7992
48.322334,29.440195,25.684723,37.25,116.0,0.0,97.53714
48.071224,29.07838,25.751333,39.612,102.0,0.0,92.040306
48.143425,29.08011,26.124722,37.846664,92.0,0.0,93.39396
48.173416,28.594448,25.823,37.972,104.0,0.0,92.03497
44.43227,32.54165,23.690834,39.188,111.0,0.0,91.342865
40.3439,29.952332,22.478334,38.159996,66.0,0.0,79.1292
48.49744,30.032965,25.467667,36.688,153.0,0.0,99.91732
40.15773,30.068405,22.57,38.096,61.0,0.0,78.19681
48.508057,32.611668,22.676167,39.116,431.0,0.0,100.57095
40.393497,29.891088,22.534666,38.076,68.0,0.0,78.941864
47.690083,29.317495,25.970667,39.512,111.0,0.0,90.00688
47.715393,29.122004,25.712166,39.776,108.0,0.0,89.137276
47.26168,30.958958,24.0795,37.644,127.0,0.0,96.72836
46.97922,29.375544,25.067,37.852,133.0,0.0,87.33135
49.313473,34.73002,12.104667,41.456,279.0,0.0,75.69362
44.387066,32.20583,23.762833,38.968,84.0,0.0,85.61276
47.78487,31.238157,24.266,39.276,184.0,0.0,100.511734
47.617363,31.08932,24.241499,39.292,163.0,0.0,99.43215
44.360813,33.351887,22.825167,38.908,161.0,0.0,89.04873
44.311604,32.78467,23.238333,39.132004,125.0,0.0,91.13916
47.840725,30.510822,24.6565,37.152,155.0,0.0,93.61186
39.497128,29.890392,21.622667,36.844,58.0,0.0,75.19918
47.467827,29.436234,25.195168,39.496002,112.0,0.0,87.3733
43.77962,36.35335,19.904833,40.288002,572.0,0.0,94.53408
40.47552,29.730913,22.228666,38.107998,69.0,0.0,77.40008
46.999268,35.29374,12.432,41.52,507.0,1.0,79.443695
48.1554,28.88062,25.9395,38.351997,94.0,0.0,92.45458
48.72501,33.90669,14.5485,38.100002,349.0,0.0,81.08299
48.637424,31.193157,25.1445,38.8,241.0,0.0,105.77778
40.219658,29.812944,22.603666,38.028,64.0,0.0,78.611725
47.999268,32.36626,23.9535,40.056,355.0,0.0,102.799706
40.20166,29.993362,22.845833,37.736,64.0,0.0,77.742
48.261997,30.470867,25.2615,38.472,172.0,0.0,99.11535
40.35318,30.4088,21.628166,38.087997,77.0,0.0,77.01791
48.504047,34.77787,9.993,39.688,324.0,1.0,74.89944
48.731373,31.345556,25.385,38.832,270.0,0.0,106.35203
48.743034,32.096928,24.514668,38.796,383.0,0.0,107.451256
47.877384,29.686853,25.381666,40.096,110.0,0.0,90.71637
48.422417,32.408314,24.0145,39.792,410.0,0.0,106.00908
44.44623,33.334286,23.026667,39.072002,163.0,0.0,89.4759
44.420793,33.285198,22.843166,39.012,154.0,0.0,90.857346
48.37345,32.426235,24.016,39.832,409.0,0.0,105.26662
48.899616,31.828596,25.094,39.06,354.0,0.0,108.611404
40.45308,29.919905,22.421667,38.343998,69.0,0.0,79.68638
44.36058,32.887481,23.238167,40.092,134.0,0.0,91.379395
45.18597,35.700607,18.624332,40.388,712.0,0.0,96.86587
48.544846,32.207806,24.195833,39.308,386.0,0.0,106.582214
49.37305,37.47915,13.241167,29.788,946.0,18.0,56.814407
48.791595,32.014793,24.8795,39.2,379.0,0.0,107.52013
47.621418,30.994781,24.319334,38.828003,155.0,0.0,98.3555
46.18037,35.518444,13.669167,39.876,879.0,0.0,91.18574
48.05805,29.233236,25.976166,39.148003,106.0,0.0,93.28895
44.349163,33.298838,22.812834,39.068,158.0,0.0,88.41266
46.353306,35.026966,12.359667,39.74,698.0,0.0,86.86742
40.037643,30.007742,22.404667,38.044003,62.0,0.0,77.256226
48.46416,31.506187,24.7885,39.048,273.0,0.0,105.395134
44.92447,36.113472,18.771667,35.016003,743.0,0.0,103.64407
47.78334,29.585512,25.488,40.3,106.0,0.0,89.90171
48.483646,30.193275,25.572166,38.132004,162.0,0.0,100.69481
46.126076,33.119873,23.307333,39.276,257.0,0.0,97.205124
46.054108,33.12017,23.349667,39.38,246.0,0.0,96.82506
42.177814,37.396587,18.8205,37.960003,682.0,0.0,82.63884
47.208984,29.116665,25.296833,38.508,142.0,0.0,85.99289
47.06272,34.351837,14.460834,40.447998,492.0,0.0,82.72194
48.951424,31.749338,25.350332,39.632,344.0,0.0,109.34254
43.980846,36.19152,19.8165,40.264,548.0,0.0,94.51271
48.963562,31.685452,25.473333,40.052,343.0,0.0,109.718025
49.214596,31.994644,24.862167,40.08,429.0,0.0,106.544205
48.217762,32.332436,23.700333,39.604,372.0,0.0,104.997635
44.321273,32.837306,23.081,38.728,125.0,0.0,91.13916
48.382526,32.37384,23.986,39.552002,400.0,0.0,105.94704
49.162178,30.706528,25.633667,38.184,247.0,0.0,111.99187
40.792915,29.679016,22.118,38.584,77.0,0.0,79.551254
46.398933,33.4997,17.844168,37.196003,426.0,1.0,88.15635
47.045376,33.24964,14.293167,37.848,441.0,1.0,83.846016
44.93202,31.968567,23.774166,38.784,114.0,0.0,84.84407
44.717953,31.471216,24.670334,38.503998,90.0,0.0,85.941666
44.851418,31.947056,23.839834,38.864002,102.0,0.0,85.339325
48.839996,32.275986,24.694834,39.132,409.0,0.0,106.69528
44.92807,36.490025,9.455667,37.988,682.0,0.0,82.11423
41.44176,29.247377,22.236834,38.984,99.0,0.0,78.51805
48.527096,31.178297,24.806168,38.104,233.0,0.0,105.01751
48.9026,32.00535,25.233667,39.592003,388.0,0.0,108.17662
40.558624,35.050095,20.308,38.579998,151.0,0.0,81.94679
48.60814,31.753603,24.549,37.204002,318.0,0.0,107.49801
48.546425,37.63779,8.813,34.22,329.0,9.0,49.323006
44.23275,33.2647,22.8525,40.156,143.0,0.0,88.05275
42.966137,33.426777,22.6785,41.892002,109.0,0.0,85.46502
49.169342,31.840485,25.447166,39.892,392.0,0.0,108.67416
49.165863,31.894964,25.249166,39.696003,397.0,0.0,108.44176
47.885506,31.785076,23.8985,37.66,261.0,0.0,102.88352
47.64712,29.362296,25.892834,39.444,108.0,0.0,89.23921
48.517,32.672,23.064667,39.008003,430.0,0.0,100.514725
48.45531,31.831644,24.448,38.944,313.0,0.0,106.79829
42.478664,37.25692,18.558,38.68,729.0,0.0,84.907295
42.453056,33.725277,21.929832,41.012,120.0,0.0,80.56898
48.60609,31.659578,24.783333,38.956,299.0,0.0,106.999535
47.79959,31.404583,24.0675,37.924,206.0,0.0,102.1713
47.777397,29.438875,25.728947,39.221054,106.0,0.0,89.90171
48.17774,31.793663,24.49,39.452003,299.0,0.0,105.52201
37.62955,31.386389,19.8655,34.192,52.0,0.0,68.93055
47.31342,33.133648,20.177834,39.672,399.0,0.0,90.16459
47.670883,29.81901,25.259167,39.528,110.0,0.0,90.910065
46.07732,31.807642,24.505667,38.896,138.0,0.0,104.8358
47.323483,31.701431,24.0845,38.048,194.0,0.0,99.3505
40.21391,30.273691,22.0395,38.235996,70.0,0.0,76.12655
49.14422,30.530201,25.212166,35.056,228.0,0.0,113.47807
49.412136,31.830334,25.019001,40.48,402.0,0.0,107.16088
49.161926,30.6245,25.649166,38.22,240.0,0.0,113.96058
45.46344,32.08256,24.227833,38.992,125.0,0.0,92.052925
48.979046,31.905598,25.223333,39.092,372.0,0.0,108.64611
45.54404,32.108524,24.010334,37.124,125.0,0.0,92.882645
48.414772,32.32875,23.832832,39.392002,389.0,0.0,106.34994
48.690586,32.082058,24.4525,38.671997,374.0,0.0,107.38045
45.425804,35.611534,17.8725,39.776,789.0,0.0,94.653206
45.573666,34.50165,21.552,38.572002,426.0,0.0,95.390976
44.769173,36.140663,19.069,39.768,736.0,0.0,101.67845
45.021145,35.90255,17.937166,39.14,751.0,0.0,97.9756
45.49802,33.998238,22.780834,39.012,297.0,0.0,97.72956
49.115276,32.34468,23.953667,39.976,430.0,0.0,105.064926
46.18636,33.4577,20.644833,38.22,353.0,0.0,93.06816
46.827076,33.427692,17.0725,37.536,435.0,1.0,86.915405
44.322777,36.36361,16.811,39.456,836.0,0.0,97.42468
48.76062,32.30153,24.6835,40.036,411.0,0.0,106.40877
45.6614,32.52221,23.996334,39.26,141.0,0.0,97.10787
47.7624,30.052671,25.125,39.064003,128.0,0.0,92.48577
48.277115,31.965609,24.248667,38.952,329.0,0.0,105.45937
48.013016,28.543829,25.832333,38.087997,115.0,0.0,91.47301
42.839203,36.609165,20.2715,36.815998,712.0,0.0,92.18952
45.431,35.56482,18.5085,39.248,756.0,0.0,94.02658
42.42884,33.800262,22.048,40.764,124.0,0.0,80.722984
48.395252,32.055336,24.071167,38.371998,355.0,0.0,106.038895
43.815514,36.422043,19.8365,40.596,614.0,0.0,95.31832
40.41083,30.052738,22.688667,38.532,66.0,0.0,79.67119
47.840996,28.630337,25.5445,38.748,114.0,0.0,87.33437
47.773582,29.959164,25.195168,39.232,117.0,0.0,91.585075
47.692158,30.043318,25.0375,38.984,119.0,0.0,90.21502
45.380386,35.2872,18.865833,39.424,677.0,0.0,95.277084
48.284184,28.871944,26.027916,37.285,97.0,0.0,94.05755
47.917377,29.182016,25.9245,40.136,111.0,0.0,92.566154
45.24144,35.759888,13.066,38.072,785.0,0.0,91.204834
48.88155,31.559645,25.241333,38.824,313.0,0.0,108.42222
48.5667,31.9232,24.568333,39.047997,347.0,0.0,107.38514
44.90588,35.995922,18.655666,39.66,762.0,0.0,100.23382
48.355064,31.21651,24.782833,39.003998,229.0,0.0,103.32745
48.43711,32.11065,24.0355,38.292,360.0,0.0,106.49159
48.2173,30.44516,25.233334,38.248,170.0,0.0,97.38431
47.729656,29.248735,25.749332,39.788,112.0,0.0,90.907196
48.255344,32.014973,24.094833,38.879997,336.0,0.0,105.44571
48.542233,30.700516,24.767334,35.132,206.0,0.0,104.64859
48.455627,30.722801,25.144,37.872,196.0,0.0,103.21291
48.96512,30.573051,25.562834,37.028,219.0,0.0,110.356964
48.973682,31.2448,25.7495,39.503998,277.0,0.0,109.621925
48.30105,32.0546,24.0455,39.028,349.0,0.0,106.12025
48.406963,32.68042,23.301332,39.584,425.0,0.0,100.79546
48.35943,32.29646,23.837334,39.172,386.0,0.0,106.01467
48.30593,28.766613,25.977652,37.136364,106.0,0.0,94.98676
45.503117,34.4113,22.224333,38.896,375.0,0.0,95.417854
45.86908,34.46271,19.727333,37.472,502.0,0.0,93.267525
48.494633,32.440556,23.920834,39.868004,414.0,0.0,105.77114
48.444233,31.95926,24.543167,39.4,342.0,0.0,106.84934
48.522724,32.50371,23.622833,39.568,423.0,0.0,103.43323
44.977093,35.797295,18.945833,39.707996,718.0,0.0,99.56674
40.05329,36.909317,18.144333,40.188004,361.0,1.0,78.48641
44.94436,35.872047,19.7335,39.9,705.0,0.0,101.03557
47.709053,29.555498,25.490334,40.176,107.0,0.0,90.1388
48.543648,32.032455,24.445667,38.780003,358.0,0.0,106.63617
48.35671,32.226017,23.828499,38.975998,371.0,0.0,106.33002
48.312378,28.692997,26.014334,37.404,102.0,0.0,93.020065
37.982483,37.033802,17.699167,37.888,388.0,2.0,78.40107
47.67137,29.917637,25.093834,39.196,109.0,0.0,90.4462
47.742462,29.628384,25.378834,40.02,106.0,0.0,89.90171
47.856285,29.224878,25.956667,39.968002,113.0,0.0,92.03067
47.725044,29.057615,25.623333,39.6,109.0,0.0,89.35215
48.648148,31.69424,24.805666,38.552,308.0,0.0,107.37572
47.709824,29.399414,25.773264,39.008335,106.0,0.0,89.90171
45.37568,35.574997,19.005667,39.300003,733.0,0.0,94.22839
37.898919,37.057135,17.695,37.884003,397.0,2.0,79.029274
48.422585,30.129313,25.4765,37.792,158.0,0.0,99.41003
48.254283,32.195795,23.963667,39.267998,362.0,0.0,105.82341
47.572723,30.041304,24.811834,38.804,114.0,0.0,89.47958
39.86561,30.058397,21.764166,37.736,63.0,0.0,79.89083
43.004807,36.87424,18.428667,38.351997,760.0,0.0,92.62933
37.802848,37.007939,17.330334,38.584,410.0,1.0,80.95606
47.703323,30.531363,24.5715,38.216,143.0,0.0,92.93011
46.098846,30.950966,24.368,37.468002,91.0,0.0,93.39676
45.728703,32.493114,24.0465,39.4,137.0,0.0,98.664566
44.385967,33.943954,23.216667,38.624,172.0,0.0,91.78305
44.949623,35.94717,19.434166,39.612,732.0,0.0,102.182686
44.459072,32.809574,23.149834,39.896,133.0,0.0,90.689
40.157433,35.339775,19.863667,37.82,152.0,0.0,79.87064
43.86001,32.58929,23.367,37.536,90.0,0.0,83.4156
45.17772,34.3348,22.8535,38.16,279.0,0.0,96.807465
45.755,35.144722,19.862,37.148,641.0,0.0,94.221
44.623333,35.892776,20.737833,39.980003,584.0,0.0,99.141525
47.718365,29.951736,25.13,39.323997,114.0,0.0,91.03269
45.194443,35.460278,18.932167,39.575996,661.0,0.0,97.24545
43.07139,37.03,16.906834,39.18,769.0,0.0,89.46134
45.319912,35.282692,16.3235,38.475998,760.0,0.0,95.65318
43.880167,33.313136,22.976833,40.632,137.0,0.0,86.567955
47.93341,28.640497,25.661,38.592003,111.0,0.0,87.767914
47.289066,31.521254,24.0905,37.871998,175.0,0.0,99.16683
44.59242,33.795055,22.989834,38.728,183.0,0.0,93.332306
45.16528,35.87528,16.878834,38.871998,772.0,0.0,96.3177
43.3834,36.16217,20.711334,40.168003,455.0,0.0,90.580574
44.264973,33.30598,22.7995,39.68,146.0,0.0,88.20557
44.247433,33.515244,22.854834,39.8,152.0,0.0,88.044754
48.0899,28.5586,25.8405,38.012,109.0,0.0,91.13557
48.6138,32.09929,24.240667,38.739998,374.0,0.0,106.94591
44.26051,34.16254,23.666834,39.396,185.0,0.0,92.7613
43.116215,36.297153,20.896,38.371998,464.0,0.0,91.41177
43.123726,36.390743,20.726,37.672,502.0,0.0,91.01974
47.08106,31.819853,24.301167,38.435997,187.0,0.0,98.80011
38.527134,34.52612,18.907333,36.056,103.0,0.0,75.83051
48.285984,30.348362,25.355167,37.82,171.0,0.0,97.82767
48.212574,30.395016,25.252,38.084,168.0,0.0,97.151344
