variable,,value,suitability
bio_1,0,4.448328263759613,0.34891245249102787
bio_1,1,4.700234105900081,0.3437306736066781
bio_1,2,4.952139948040548,0.338743533541228
bio_1,3,5.2040457901810155,0.3339467301060425
bio_1,4,5.455951632321483,0.32933604032566033
bio_1,5,5.70785747446195,0.3249073294087077
bio_1,6,5.959763316602418,0.3206565585042743
bio_1,7,6.211669158742886,0.3165797913635888
bio_1,8,6.463575000883353,0.3126732000178677
bio_1,9,6.715480843023821,0.3089330695746768
bio_1,10,6.967386685164287,0.30535580222713243
bio_1,11,7.219292527304756,0.3019379205625712
bio_1,12,7.471198369445223,0.29867607025023835
bio_1,13,7.7231042115856905,0.2955670221808
bio_1,14,7.975010053726158,0.29260767412424094
bio_1,15,8.226915895866625,0.28979505196689836
bio_1,16,8.478821738007092,0.2871263105829742
bio_1,17,8.73072758014756,0.2845987343908578
bio_1,18,8.982633422288028,0.2822097376399829
bio_1,19,9.234539264428495,0.2799568644696586
bio_1,20,9.486445106568961,0.2778377887773942
bio_1,21,9.73835094870943,0.27585031393063386
bio_1,22,9.990256790849898,0.2739923723524783
bio_1,23,10.242162632990365,0.27226202500893204
bio_1,24,10.494068475130833,0.270657460822449
bio_1,25,10.745974317271301,0.26917699603393774
bio_1,26,10.997880159411768,0.26781907353309997
bio_1,27,11.249786001552234,0.2665822621747955
bio_1,28,11.501691843692702,0.2654652560971533
bio_1,29,11.75359768583317,0.2644668740553774
bio_1,30,12.005503527973637,0.26358605878348373
bio_1,31,12.257409370114104,0.26282187639472443
bio_1,32,12.509315212254572,0.2621735158300028
bio_1,33,12.76122105439504,0.2616402883622946
bio_1,34,13.013126896535507,0.2612216271638521
bio_1,35,13.265032738675975,0.26091708694184224
bio_1,36,13.516938580816442,0.2607263436469577
bio_1,37,13.76884442295691,0.2606491942585426
bio_1,38,14.020750265097377,0.26068555664875614
bio_1,39,14.272656107237845,0.26083546952736036
bio_1,40,14.524561949378311,0.26109909246776486
bio_1,41,14.77646779151878,0.2614767060140254
bio_1,42,15.028373633659246,0.2619687118675589
bio_1,43,15.280279475799714,0.26257563315139976
bio_1,44,15.532185317940181,0.2632981147488107
bio_1,45,15.78409116008065,0.26413692371208075
bio_1,46,16.035997002221116,0.26509294973626996
bio_1,47,16.287902844361582,0.2661672056915223
bio_1,48,16.539808686502052,0.2673608282064077
bio_1,49,16.79171452864252,0.2686750782934376
bio_1,50,17.04362037078299,0.2701113420065574
bio_1,51,17.295526212923455,0.2716711311189083
bio_1,52,17.547432055063922,0.27335608380754794
bio_1,53,17.79933789720439,0.2751679653300626
bio_1,54,18.051243739344855,0.2771086686761097
bio_1,55,18.30314958148532,0.2791802151748167
bio_1,56,18.55505542362579,0.28138475503672633
bio_1,57,18.806961265766258,0.2837245678064725
bio_1,58,19.058867107906728,0.2862020626996814
bio_1,59,19.310772950047195,0.2888197787946273
bio_1,60,19.56267879218766,0.29158038504597616
bio_1,61,19.814584634328128,0.29448668008441214
bio_1,62,20.066490476468594,0.297541591762166
bio_1,63,20.31839631860906,0.3007481764002907
bio_1,64,20.57030216074953,0.30410961768905986
bio_1,65,20.822208002889997,0.30762922518798097
bio_1,66,21.074113845030467,0.311310432366673
bio_1,67,21.326019687170934,0.31515679412218456
bio_1,68,21.5779255293114,0.31917198370221955
bio_1,69,21.829831371451867,0.3233597889572356
bio_1,70,22.081737213592337,0.3277241078373433
bio_1,71,22.333643055732804,0.3322689430425181
bio_1,72,22.58554889787327,0.3369983957267184
bio_1,73,22.837454740013737,0.3419166581481401
bio_1,74,23.089360582154207,0.3470280051490445
bio_1,75,23.341266424294673,0.35233678433941573
bio_1,76,23.59317226643514,0.3578474048491226
bio_1,77,23.845078108575606,0.3635643245034126
bio_1,78,24.096983950716076,0.36949203526650776
bio_1,79,24.348889792856543,0.37563504678783766
bio_1,80,24.60079563499701,0.38199786787534196
bio_1,81,24.85270147713748,0.38858498571023725
bio_1,82,25.104607319277946,0.39540084260812947
bio_1,83,25.356513161418412,0.40244981012239356
bio_1,84,25.60841900355888,0.40973616027783644
bio_1,85,25.86032484569935,0.41726403371600984
bio_1,86,26.112230687839816,0.4250374045287646
bio_1,87,26.364136529980282,0.4330600415540382
bio_1,88,26.61604237212075,0.44133546590829464
bio_1,89,26.86794821426122,0.4498669045339919
bio_1,90,27.119854056401685,0.4586572395488313
bio_1,91,27.37175989854215,0.46770895319732564
bio_1,92,27.62366574068262,0.4770240682253454
bio_1,93,27.87557158282309,0.48660408352606166
bio_1,94,28.127477424963555,0.49644990494232855
bio_1,95,28.37938326710402,0.5065617711576403
bio_1,96,28.63128910924449,0.5169391746667231
bio_1,97,28.883194951384958,0.5275807778896118
bio_1,98,29.135100793525424,0.5384843245812447
bio_1,99,29.387006635665895,0.5496465467942979
bio_2,0,5.434317133426666,0.9998899713748075
bio_2,1,5.550910017080981,0.9998452629023344
bio_2,2,5.667502900735297,0.9997848534586973
bio_2,3,5.784095784389612,0.9997041537424056
bio_2,4,5.9006886680439266,0.99959753585558
bio_2,5,6.017281551698241,0.9994581833541927
bio_2,6,6.133874435352557,0.9992779401513012
bio_2,7,6.250467319006872,0.9990471632579736
bio_2,8,6.367060202661187,0.9987545850174991
bio_2,9,6.483653086315503,0.9983871909742501
bio_2,10,6.6002459699698175,0.9979301197702474
bio_2,11,6.716838853624132,0.99736659144182
bio_2,12,6.833431737278447,0.9966778701716354
bio_2,13,6.950024620932762,0.9958432669303869
bio_2,14,7.066617504587078,0.9948401865280798
bio_2,15,7.183210388241393,0.9936442224155825
bio_2,16,7.2998032718957075,0.9922293011778057
bio_2,17,7.416396155550023,0.9905678770993251
bio_2,18,7.532989039204338,0.9886311755304831
bio_2,19,7.649581922858653,0.986389482111992
bio_2,20,7.766174806512968,0.9838124733051332
bio_2,21,7.882767690167283,0.9808695821958727
bio_2,22,7.9993605738215985,0.9775303922602309
bio_2,23,8.115953457475914,0.973765050749659
bio_2,24,8.232546341130229,0.9695446926199318
bio_2,25,8.349139224784544,0.9648418655107784
bio_2,26,8.465732108438859,0.9596309461957526
bio_2,27,8.582324992093174,0.9538885391567301
bio_2,28,8.698917875747489,0.9475938484746421
bio_2,29,8.815510759401803,0.9407290150349238
bio_2,30,8.93210364305612,0.9332794120803029
bio_2,31,9.048696526710433,0.925233893355492
bio_2,32,9.16528941036475,0.9165849894246566
bio_2,33,9.281882294019065,0.9073290491486616
bio_2,34,9.39847517767338,0.8974663247318003
bio_2,35,9.515068061327694,0.8870010001377854
bio_2,36,9.63166094498201,0.8759411639882625
bio_2,37,9.748253828636326,0.8642987292571631
bio_2,38,9.864846712290639,0.8520893031317143
bio_2,39,9.981439595944956,0.8393320113046421
bio_2,40,10.09803247959927,0.8260492816792372
bio_2,41,10.214625363253585,0.8122665930037861
bio_2,42,10.3312182469079,0.7980121943061609
bio_2,43,10.447811130562215,0.7833168011802163
bio_2,44,10.564404014216532,0.7682132749958013
bio_2,45,10.680996897870845,0.7527362909794066
bio_2,46,10.797589781525161,0.7369220008619488
bio_2,47,10.914182665179474,0.7208076954343103
bio_2,48,11.030775548833791,0.7044314719111603
bio_2,49,11.147368432488106,0.6878319105004937
bio_2,50,11.26396131614242,0.6710477640302652
bio_2,51,11.380554199796737,0.6541176639134334
bio_2,52,11.49714708345105,0.6370798451553934
bio_2,53,11.613739967105367,0.6199718925382591
bio_2,54,11.73033285075968,0.602830509567125
bio_2,55,11.846925734413997,0.5856913112446629
bio_2,56,11.963518618068312,0.5685886412602268
bio_2,57,12.080111501722627,0.551555413743648
bio_2,58,12.196704385376941,0.5346229793463146
bio_2,59,12.313297269031256,0.5178210150745222
bio_2,60,12.429890152685573,0.5011774370134168
bio_2,61,12.546483036339886,0.48471833484287385
bio_2,62,12.663075919994203,0.46846792685773186
bio_2,63,12.779668803648518,0.45244853406104035
bio_2,64,12.896261687302832,0.4366805717969713
bio_2,65,13.012854570957147,0.42118255732600207
bio_2,66,13.129447454611462,0.40597113171474897
bio_2,67,13.246040338265779,0.39106109441222225
bio_2,68,13.362633221920092,0.3764654489090108
bio_2,69,13.479226105574408,0.36219545792206254
bio_2,70,13.595818989228722,0.3482607066111223
bio_2,71,13.712411872883038,0.3346691724101909
bio_2,72,13.829004756537355,0.321427300145012
bio_2,73,13.945597640191668,0.30854008120260124
bio_2,74,14.062190523845985,0.2960111356186438
bio_2,75,14.178783407500298,0.2838427960506468
bio_2,76,14.295376291154614,0.2720361927072241
bio_2,77,14.411969174808927,0.2605913384050138
bio_2,78,14.528562058463244,0.2495072130230911
bio_2,79,14.645154942117557,0.23878184671929215
bio_2,80,14.761747825771874,0.22841240136266383
bio_2,81,14.87834070942619,0.21839524972068236
bio_2,82,14.994933593080503,0.20872605201852745
bio_2,83,15.11152647673482,0.19939982956025704
bio_2,84,15.228119360389133,0.19041103516805324
bio_2,85,15.34471224404345,0.18175362025586417
bio_2,86,15.461305127697763,0.1734210984077853
bio_2,87,15.57789801135208,0.16540660537963658
bio_2,88,15.694490895006396,0.1577029554846131
bio_2,89,15.81108377866071,0.15030269436092214
bio_2,90,15.927676662315026,0.14319814815131526
bio_2,91,16.04426954596934,0.1363814691517009
bio_2,92,16.160862429623656,0.1298446780089565
bio_2,93,16.27745531327797,0.12357970256704798
bio_2,94,16.394048196932285,0.1175784134759047
bio_2,95,16.510641080586602,0.11183265668963671
bio_2,96,16.627233964240915,0.10633428298987702
bio_2,97,16.74382684789523,0.10107517467667804
bio_2,98,16.860419731549545,0.0960472695737522
bio_2,99,16.97701261520386,0.09124258249724404
bio_4,0,402.8487225341797,0.27253494985992577
bio_4,1,410.0338269967744,0.2744078588319325
bio_4,2,417.21893145936906,0.2762479078274689
bio_4,3,424.4040359219638,0.2780544224709274
bio_4,4,431.58914038455845,0.2798267418442897
bio_4,5,438.77424484715317,0.28156421873171456
bio_4,6,445.9593493097479,0.28326621985048606
bio_4,7,453.14445377234256,0.2849321260686094
bio_4,8,460.3295582349373,0.2865613326093397
bio_4,9,467.514662697532,0.28815324924296726
bio_4,10,474.69976716012667,0.28970730046620485
bio_4,11,481.8848716227214,0.29122292566953256
bio_4,12,489.06997608531606,0.29269957929289314
bio_4,13,496.2550805479108,0.2941367309701234
bio_4,14,503.4401850105055,0.2955338656625397
bio_4,15,510.62528947310017,0.29689048378211025
bio_4,16,517.8103939356948,0.2982061013046349
bio_4,17,524.9954983982896,0.29948024987339583
bio_4,18,532.1806028608843,0.3007124768937206
bio_4,19,539.365707323479,0.30190234561891816
bio_4,20,546.5508117860736,0.30304943522805217
bio_4,21,553.7359162486684,0.30415334089601453
bio_4,22,560.921020711263,0.30521367385635956
bio_4,23,568.1061251738578,0.3062300614573613
bio_4,24,575.2912296364525,0.30720214721175243
bio_4,25,582.4763340990471,0.30812959084059643
bio_4,26,589.661438561642,0.30901206831173345
bio_4,27,596.8465430242366,0.3098492718732445
bio_4,28,604.0316474868313,0.3106409100823502
bio_4,29,611.216751949426,0.3113867078301582
bio_4,30,618.4018564120207,0.3120864063626737
bio_4,31,625.5869608746154,0.31273976329843467
bio_4,32,632.77206533721,0.3133465526431669
bio_4,33,639.9571697998048,0.3139065648017867
bio_4,34,647.1422742623995,0.3144196065881102
bio_4,35,654.3273787249942,0.31488550123255643
bio_4,36,661.5124831875889,0.3153040883881635
bio_4,37,668.6975876501836,0.31567522413517024
bio_4,38,675.8826921127783,0.31599878098442313
bio_4,39,683.067796575373,0.3162746478798353
bio_4,40,690.2529010379676,0.3165027302000861
bio_4,41,697.4380055005624,0.31668294975976663
bio_4,42,704.623109963157,0.3168152448100827
bio_4,43,711.8082144257518,0.3168995700392877
bio_4,44,718.9933188883465,0.3169358965729069
bio_4,45,726.1784233509411,0.31692421197384957
bio_4,46,733.3635278135359,0.31686452024244616
bio_4,47,740.5486322761305,0.31675684181644137
bio_4,48,747.7337367387253,0.3166012135709201
bio_4,49,754.91884120132,0.316397688818145
bio_4,50,762.1039456639146,0.3161463373072504
bio_4,51,769.2890501265094,0.3158472452236831
bio_4,52,776.474154589104,0.31550051518830735
bio_4,53,783.6592590516988,0.31510626625600624
bio_4,54,790.8443635142935,0.31466463391364075
bio_4,55,798.0294679768882,0.3141757700771515
bio_4,56,805.2145724394829,0.3136398430876137
bio_4,57,812.3996769020775,0.31305703770598403
bio_4,58,819.5847813646723,0.31242755510630793
bio_4,59,826.769885827267,0.311751612867069
bio_4,60,833.9549902898617,0.3110294449604075
bio_4,61,841.1400947524564,0.3102613017388721
bio_4,62,848.325199215051,0.30944744991935413
bio_4,63,855.5103036776458,0.30858817256386095
bio_4,64,862.6954081402405,0.30768376905673356
bio_4,65,869.8805126028352,0.3067345550779319
bio_4,66,877.0656170654299,0.3057408625719602
bio_4,67,884.2507215280245,0.30470303971204005
bio_4,68,891.4358259906193,0.30362145085907344
bio_4,69,898.620930453214,0.30249647651497047
bio_4,70,905.8060349158087,0.3013285132698955
bio_4,71,912.9911393784034,0.3001179737429668
bio_4,72,920.176243840998,0.2988652865159541
bio_4,73,927.3613483035929,0.2975708960595199
bio_4,74,934.5464527661875,0.29623526265152744
bio_4,75,941.7315572287821,0.2948588622869639
bio_4,76,948.9166616913769,0.2934421865790109
bio_4,77,956.1017661539715,0.2919857426508158
bio_4,78,963.2868706165664,0.29049005301749364
bio_4,79,970.471975079161,0.288955655457954
bio_4,80,977.6570795417556,0.2873831028760744
bio_4,81,984.8421840043504,0.2857729631508479
bio_4,82,992.027288466945,0.28412581897506195
bio_4,83,999.2123929295399,0.2824422676821394
bio_4,84,1006.3974973921345,0.28072292106075747
bio_4,85,1013.5826018547291,0.27896840515690713
bio_4,86,1020.7677063173239,0.2771793600630401
bio_4,87,1027.9528107799185,0.27535643969400825
bio_4,88,1035.1379152425134,0.27350031154950727
bio_4,89,1042.323019705108,0.2716116564627745
bio_4,90,1049.5081241677026,0.26969116833529405
bio_4,91,1056.6932286302974,0.2677395538573243
bio_4,92,1063.878333092892,0.26575753221407694
bio_4,93,1071.0634375554869,0.263745834777401
bio_4,94,1078.2485420180815,0.2617052047828857
bio_4,95,1085.433646480676,0.25963639699229313
bio_4,96,1092.618750943271,0.25754017734131307
bio_4,97,1099.8038554058655,0.25541732257262784
bio_4,98,1106.9889598684604,0.2532686198543359
bio_4,99,1114.174064331055,0.25109486638382195
bio_12,0,13.0,0.24368070169620304
bio_12,1,23.111363636363688,0.2477679335808305
bio_12,2,33.222727272727376,0.25196768422755866
bio_12,3,43.33409090909106,0.25628261721229884
bio_12,4,53.44545454545475,0.26071543661462593
bio_12,5,63.55681818181844,0.265268884490662
bio_12,6,73.66818181818212,0.26994573798420163
bio_12,7,83.77954545454581,0.27474880604592555
bio_12,8,93.8909090909095,0.27968092572876857
bio_12,9,104.0022727272732,0.28474495802566824
bio_12,10,114.11363636363689,0.28994378321401826
bio_12,11,124.22500000000056,0.29528029566928615
bio_12,12,134.33636363636424,0.300757398108346
bio_12,13,144.44772727272795,0.3063779952212009
bio_12,14,154.55909090909162,0.31214498664791845
bio_12,15,164.67045454545533,0.31806125925586226
bio_12,16,174.781818181819,0.32412967867055587
bio_12,17,184.89318181818268,0.3303530800120412
bio_12,18,195.0045454545464,0.33673425778712773
bio_12,19,205.11590909091007,0.3432759548868345
bio_12,20,215.22727272727377,0.34998085063736506
bio_12,21,225.33863636363745,0.3568515478524129
bio_12,22,235.45000000000113,0.36389055883443633
bio_12,23,245.56136363636483,0.37110029027277236
bio_12,24,255.6727272727285,0.37848302698741654
bio_12,25,265.7840909090922,0.3860409144686928
bio_12,26,275.8954545454559,0.3937759401653981
bio_12,27,286.0068181818196,0.4016899134771117
bio_12,28,296.11818181818325,0.40978444441051176
bio_12,29,306.22954545454695,0.41806092086486246
bio_12,30,316.34090909091066,0.4265204845184214
bio_12,31,326.4522727272743,0.4351640052955841
bio_12,32,336.563636363638,0.4439920544042779
bio_12,33,346.6750000000017,0.45300487594466876
bio_12,34,356.78636363636537,0.46220235710375923
bio_12,35,366.89772727272907,0.47158399696627695
bio_12,36,377.0090909090928,0.48114887399042094
bio_12,37,387.1204545454564,0.49089561221794287
bio_12,38,397.23181818182013,0.50082234631171
bio_12,39,407.34318181818384,0.5109266855407317
bio_12,40,417.45454545454754,0.521205676862611
bio_12,41,427.5659090909112,0.5316557672869031
bio_12,42,437.6772727272749,0.5422727657398032
bio_12,43,447.7886363636386,0.5530518046913252
bio_12,44,457.90000000000225,0.5639873018504654
bio_12,45,468.01136363636596,0.5750729222818838
bio_12,46,478.12272727272966,0.586301541349278
bio_12,47,488.2340909090933,0.5976652089454964
bio_12,48,498.345454545457,0.6091551155274078
bio_12,49,508.4568181818207,0.6207615605339281
bio_12,50,518.5681818181844,0.6324739238278261
bio_12,51,528.6795454545481,0.6442806408650245
bio_12,52,538.7909090909118,0.6561691823580824
bio_12,53,548.9022727272754,0.6681260392618417
bio_12,54,559.0136363636392,0.6801367139672967
bio_12,55,569.1250000000028,0.6921857186425895
bio_12,56,579.2363636363665,0.7042565817052147
bio_12,57,589.3477272727303,0.7163318634445219
bio_12,58,599.4590909090939,0.7283931818352298
bio_12,59,609.5704545454576,0.740421249587595
bio_12,60,619.6818181818213,0.7523959234644213
bio_12,61,629.793181818185,0.7642962668551079
bio_12,62,639.9045454545486,0.7761006265283719
bio_12,63,650.0159090909124,0.7877867243835971
bio_12,64,660.127272727276,0.7993317648817927
bio_12,65,670.2386363636397,0.8107125586565982
bio_12,66,680.3500000000034,0.8219056625799982
bio_12,67,690.4613636363671,0.8328875362832668
bio_12,68,700.5727272727307,0.8436347148090491
bio_12,69,710.6840909090945,0.8541239966946421
bio_12,70,720.7954545454581,0.8643326463603787
bio_12,71,730.9068181818218,0.8742386092037157
bio_12,72,741.0181818181856,0.8838207372848
bio_12,73,751.1295454545492,0.8930590229417592
bio_12,74,761.2409090909129,0.9019348371058901
bio_12,75,771.3522727272766,0.9104311685142391
bio_12,76,781.4636363636403,0.9185328594596582
bio_12,77,791.5750000000039,0.9262268332002633
bio_12,78,801.6863636363677,0.93350230769885
bio_12,79,811.7977272727313,0.9403509900092346
bio_12,80,821.9090909090951,0.9467672454039665
bio_12,81,832.0204545454587,0.9527482352808498
bio_12,82,842.1318181818224,0.958294018027873
bio_12,83,852.2431818181861,0.9634076073985367
bio_12,84,862.3545454545498,0.9680949835776379
bio_12,85,872.4659090909134,0.9723650530183421
bio_12,86,882.5772727272772,0.976229554310458
bio_12,87,892.6886363636409,0.9797029087879201
bio_12,88,902.8000000000045,0.9828020162738034
bio_12,89,912.9113636363683,0.9855459982471543
bio_12,90,923.0227272727319,0.9879558927299074
bio_12,91,933.1340909090956,0.9900543072460641
bio_12,92,943.2454545454593,0.9918650381923902
bio_12,93,953.356818181823,0.9934126667594986
bio_12,94,963.4681818181866,0.9945998318734763
bio_12,95,973.5795454545504,0.9900450681434773
bio_12,96,983.690909090914,0.9797872428466835
bio_12,97,993.8022727272777,0.9632222936301355
bio_12,98,1003.9136363636414,0.9389976455788289
bio_12,99,1014.0250000000051,0.9064218429677025
bio_15,0,38.30020189285278,0.010770329893495911
bio_15,1,39.183504364707254,0.011822889313821694
bio_15,2,40.066806836561724,0.012964237674724988
bio_15,3,40.950109308416195,0.014200306803590412
bio_15,4,41.833411780270666,0.015537259941683423
bio_15,5,42.71671425212513,0.016981482968441708
bio_15,6,43.60001672397961,0.018539573180657354
bio_15,7,44.48331919583407,0.02021832545552582
bio_15,8,45.36662166768854,0.022024715635028835
bio_15,9,46.24992413954301,0.023965880980908127
bio_15,10,47.13322661139748,0.026049097564893153
bio_15,11,48.01652908325195,0.028281754478086563
bio_15,12,48.899831555106424,0.030671324766736063
bio_15,13,49.783134026960894,0.03322533302917652
bio_15,14,50.666436498815365,0.035951319640628254
bio_15,15,51.549738970669836,0.03885680160881588
bio_15,16,52.4330414425243,0.041949230103969226
bio_15,17,53.31634391437878,0.045235944751527146
bio_15,18,54.19964638623324,0.04872412482451138
bio_15,19,55.08294885808771,0.05242073752468002
bio_15,20,55.96625132994218,0.05633248359668053
bio_15,21,56.84955380179665,0.060465740576816085
bio_15,22,57.73285627365112,0.06482650403693524
bio_15,23,58.616158745505594,0.069420327243362
bio_15,24,59.499461217360064,0.07425225970964855
bio_15,25,60.38276368921453,0.07932678517900438
bio_15,26,61.266066161069006,0.08464775962623894
bio_15,27,62.14936863292347,0.0902183499185234
bio_15,28,63.03267110477795,0.09604097381775656
bio_15,29,63.91597357663241,0.10211724204332928
bio_15,30,64.79927604848689,0.10844790314113717
bio_15,31,65.68257852034135,0.11503279192137439
bio_15,32,66.56588099219582,0.12187078223264936
bio_15,33,67.4491834640503,0.12895974483214523
bio_15,34,68.33248593590477,0.1362965110899742
bio_15,35,69.21578840775923,0.14387684322985228
bio_15,36,70.0990908796137,0.15169541175742185
bio_15,37,70.98239335146818,0.1597457806618764
bio_15,38,71.86569582332264,0.16802040089646086
bio_15,39,72.7489982951771,0.17651061254958433
bio_15,40,73.63230076703158,0.18520665601192887
bio_15,41,74.51560323888606,0.1940976923276454
bio_15,42,75.39890571074052,0.2031718327914107
bio_15,43,76.28220818259499,0.21241617772019283
bio_15,44,77.16551065444946,0.22181686419155533
bio_15,45,78.04881312630394,0.23135912240221168
bio_15,46,78.9321155981584,0.24102734016426397
bio_15,47,79.81541807001287,0.25080513492527434
bio_15,48,80.69872054186735,0.26067543257517123
bio_15,49,81.58202301372181,0.27062055219088244
bio_15,50,82.46532548557627,0.28062229577137365
bio_15,51,83.34862795743075,0.29066204193388945
bio_15,52,84.23193042928523,0.30072084247874586
bio_15,53,85.11523290113969,0.31077952068660697
bio_15,54,85.99853537299416,0.32081877018995264
bio_15,55,86.88183784484863,0.33081925325987105
bio_15,56,87.76514031670311,0.34076169737045936
bio_15,57,88.64844278855757,0.35062698894527766
bio_15,58,89.53174526041204,0.3603962632523695
bio_15,59,90.41504773226652,0.37005098949468196
bio_15,60,91.29835020412098,0.3795730502390545
bio_15,61,92.18165267597544,0.38894481443699913
bio_15,62,93.06495514782992,0.3981492034112103
bio_15,63,93.9482576196844,0.40716974931044525
bio_15,64,94.83156009153886,0.41599064566875565
bio_15,65,95.71486256339332,0.4245967898402204
bio_15,66,96.5981650352478,0.4329738172141556
bio_15,67,97.48146750710228,0.4411081272456415
bio_15,68,98.36476997895674,0.4489869014595548
bio_15,69,99.24807245081121,0.4565981137008511
bio_15,70,100.13137492266569,0.46393053300796006
bio_15,71,101.01467739452015,0.47097371957819567
bio_15,72,101.89797986637461,0.47771801437321204
bio_15,73,102.78128233822909,0.4841545229779227
bio_15,74,103.66458481008357,0.49027509437796957
bio_15,75,104.54788728193803,0.4960722953585678
bio_15,76,105.4311897537925,0.5015393812520952
bio_15,77,106.31449222564697,0.5066702637736138
bio_15,78,107.19779469750144,0.5114594766836861
bio_15,79,108.08109716935591,0.5159021400072625
bio_15,80,108.96439964121038,0.5199939235174689
bio_15,81,109.84770211306486,0.5237310101648738
bio_15,82,110.73100458491932,0.527110060097577
bio_15,83,111.6143070567738,0.5301281758764811
bio_15,84,112.49760952862826,0.5327828694444245
bio_15,85,113.38091200048274,0.5350720313586113
bio_15,86,114.2642144723372,0.5369939027438073
bio_15,87,115.14751694419166,0.5385470503699421
bio_15,88,116.03081941604614,0.5397303452025841
bio_15,89,116.9141218879006,0.5405429447189102
bio_15,90,117.79742435975508,0.5409842792254538
bio_15,91,118.68072683160955,0.5410540423575076
bio_15,92,119.56402930346403,0.5407521858835488
bio_15,93,120.44733177531849,0.5400789188816644
bio_15,94,121.33063424717297,0.5390347112985541
bio_15,95,122.21393671902743,0.5376203018453118
bio_15,96,123.09723919088191,0.5358367101278024
bio_15,97,123.98054166273637,0.5336852528529625
bio_15,98,124.86384413459083,0.5311675638959168
bio_15,99,125.74714660644531,0.5282856179564268
bio_18,0,0.0,0.3003402370007996
bio_18,1,1.7980303030303133,0.3051521746516602
bio_18,2,3.5960606060606266,0.3099967881144966
bio_18,3,5.39409090909094,0.31487319217809384
bio_18,4,7.192121212121253,0.31978047797044984
bio_18,5,8.990151515151567,0.3247177134505126
bio_18,6,10.78818181818188,0.3296839439324094
bio_18,7,12.586212121212194,0.334678192641786
bio_18,8,14.384242424242506,0.33969946130384276
bio_18,9,16.18227272727282,0.34474673076254536
bio_18,10,17.980303030303133,0.34981896163045056
bio_18,11,19.778333333333446,0.3549150949684895
bio_18,12,21.57636363636376,0.3600340529950101
bio_18,13,23.37439393939407,0.3651747398232853
bio_18,14,25.172424242424388,0.3703360422266495
bio_18,15,26.9704545454547,0.37551683043033046
bio_18,16,28.768484848485013,0.38071595892901644
bio_18,17,30.566515151515325,0.3859322673290966
bio_18,18,32.36454545454564,0.3911645812144807
bio_18,19,34.16257575757595,0.39641171303481326
bio_18,20,35.96060606060627,0.40167246301487924
bio_18,21,37.758636363636576,0.4069456200839019
bio_18,22,39.55666666666689,0.4122299628234065
bio_18,23,41.35469696969721,0.417524260432268
bio_18,24,43.15272727272752,0.4228272737074975
bio_18,25,44.950757575757834,0.42813775603931736
bio_18,26,46.74878787878814,0.43345445441897135
bio_18,27,48.54681818181846,0.43877611045775566
bio_18,28,50.344848484848775,0.44410146141564955
bio_18,29,52.142878787879084,0.4494292412379397
bio_18,30,53.9409090909094,0.454758181598209
bio_18,31,55.73893939393971,0.4600870129459882
bio_18,32,57.536969696970026,0.46541446555742194
bio_18,33,59.33500000000034,0.47073927058723064
bio_18,34,61.13303030303065,0.47606016112025573
bio_18,35,62.93106060606097,0.48137587322090036
bio_18,36,64.72909090909128,0.48668514697872167
bio_18,37,66.52712121212159,0.49198672754848327
bio_18,38,68.3251515151519,0.49727936618295876
bio_18,39,70.12318181818222,0.5025618212567985
bio_18,40,71.92121212121253,0.5078328592797866
bio_18,41,73.71924242424285,0.513091255897832
bio_18,42,75.51727272727315,0.5183357968800701
bio_18,43,77.31530303030347,0.5235652790904901
bio_18,44,79.11333333333378,0.5287785114424959
bio_18,45,80.9113636363641,0.5339743158349044
bio_18,46,82.70939393939442,0.5391515280678882
bio_18,47,84.50742424242472,0.5443089987374196
bio_18,48,86.30545454545504,0.5494455941068304
bio_18,49,88.10348484848535,0.5545601969541649
bio_18,50,89.90151515151567,0.5596517073940179
bio_18,51,91.69954545454598,0.5647190436726754
bio_18,52,93.49757575757629,0.5697611429353584
bio_18,53,95.2956060606066,0.5747769619645154
bio_18,54,97.09363636363692,0.5797654778881117
bio_18,55,98.89166666666723,0.5847256888569639
bio_18,56,100.68969696969755,0.5896566146902402
bio_18,57,102.48772727272785,0.5945572974883258
bio_18,58,104.28575757575817,0.5994268022122746
bio_18,59,106.08378787878848,0.6042642172292487
bio_18,60,107.8818181818188,0.6090686548233113
bio_18,61,109.67984848484912,0.6138392516710922
bio_18,62,111.47787878787942,0.6185751692819017
bio_18,63,113.27590909090974,0.6232755944019321
bio_18,64,115.07393939394005,0.627939739382299
bio_18,65,116.87196969697037,0.6325668425107104
bio_18,66,118.67000000000068,0.6371561683066678
bio_18,67,120.46803030303099,0.6417070077801794
bio_18,68,122.2660606060613,0.646218678653987
bio_18,69,124.06409090909162,0.6506905255494777
bio_18,70,125.86212121212193,0.655121920136433
bio_18,71,127.66015151515225,0.6595122612469111
bio_18,72,129.45818181818257,0.6638609749535728
bio_18,73,131.25621212121288,0.6681675146128874
bio_18,74,133.05424242424317,0.6724313608736574
bio_18,75,134.8522727272735,0.6766520216514313
bio_18,76,136.6503030303038,0.6808290320693698
bio_18,77,138.44833333333412,0.6849619543662593
bio_18,78,140.24636363636444,0.6890503777723442
bio_18,79,142.04439393939475,0.6930939183537905
bio_18,80,143.84242424242507,0.6970922188265463
bio_18,81,145.64045454545538,0.7010449483405188
bio_18,82,147.4384848484857,0.7049518022349182
bio_18,83,149.23651515151602,0.7088125017657645
bio_18,84,151.0345454545463,0.7126267938065125
bio_18,85,152.83257575757662,0.7163944505228192
bio_18,86,154.63060606060694,0.7201152690225178
bio_18,87,156.42863636363725,0.7237890709818451
bio_18,88,158.22666666666757,0.7274157022490533
bio_18,89,160.02469696969789,0.7309950324265049
bio_18,90,161.8227272727282,0.7345269544323747
bio_18,91,163.62075757575852,0.7380113840431635
bio_18,92,165.41878787878883,0.7414482594180926
bio_18,93,167.21681818181915,0.744837540606639
bio_18,94,169.01484848484944,0.748179209040299
bio_18,95,170.81287878787975,0.7514732670098188
bio_18,96,172.61090909091007,0.7547197371289874
bio_18,97,174.4089393939404,0.757918661786233
bio_18,98,176.2069696969707,0.7610701025850845
bio_18,99,178.00500000000102,0.7641741397747311
