features,rm,train_auc,test_auc,test_auc_sd,auc_diff,or10
linear,0.5,0.8104918875839415,0.7245320327251906,0.02697750906106076,0.08595985485875093,0.18293325526932086
linear,1.0,0.8106397677601999,0.7253525824565338,0.02633947193921653,0.08528718530366608,0.18191284710605554
linear,1.5,0.810724587166263,0.7259165712721407,0.025903509901318653,0.08480801589412243,0.17783121445299432
linear,2.0,0.8107542442668872,0.7261056268819691,0.025736382657201108,0.08464861738491819,0.17783121445299432
linear,3.0,0.81082397357979,0.7264570023897778,0.025575877447294677,0.08436697119001213,0.1757903981264637
linear,4.0,0.8108399331616811,0.7265970200434126,0.02543140682315358,0.08424291311826843,0.1747699899631984
"linear,quadratic",0.5,0.8533425613937966,0.7674451032831506,0.01922348802547772,0.08589745811064595,0.20840163934426228
"linear,quadratic",1.0,0.8525643062721786,0.7671960512539695,0.01949017765684934,0.08536825501820908,0.20636918701906992
"linear,quadratic",1.5,0.8519750946921425,0.7673024087985347,0.01915531036112053,0.08467268589360766,0.20535296085647375
"linear,quadratic",2.0,0.8515674135729554,0.7672547861645366,0.018852768019891237,0.08431262740841888,0.20535714285714285
"linear,quadratic",3.0,0.8512386970326009,0.7673593906789393,0.01851741787219849,0.08387930635366161,0.20535714285714285
"linear,quadratic",4.0,0.8511105852976336,0.7672157979088667,0.018545058697010203,0.0838947873887671,0.20127551020408163
"linear,quadratic,hinge",0.5,0.885203245076258,0.7989168125585524,0.04345015307500883,0.08628643251770568,0.25734777517564406
"linear,quadratic,hinge",1.0,0.8844303550599062,0.7997092157022716,0.04354630175471082,0.08472113935763437,0.2532619605219137
"linear,quadratic,hinge",1.5,0.8839820857034377,0.8004005206667764,0.04289094799749544,0.08358156503666145,0.24918032786885247
"linear,quadratic,hinge",2.0,0.8837266072414759,0.8009507250352248,0.042331375880813725,0.08277588220625101,0.24713951154232183
"linear,quadratic,hinge",3.0,0.8834499212159261,0.8015107775827209,0.041806125221564426,0.08193914363320523,0.24714369354299098
"linear,quadratic,hinge",4.0,0.8834230926187541,0.801585445809933,0.04173787836103561,0.08183764680882114,0.24713951154232183
"linear,quadratic,product",0.5,0.8814477225829539,0.8059380405810741,0.03260094288054945,0.07550968200187977,0.2001672800267648
"linear,quadratic,product",1.0,0.8796733238401797,0.8117412128701686,0.026928977236961152,0.06793211097001109,0.18690615590498494
"linear,quadratic,product",1.5,0.8786314564268279,0.8147493845227817,0.023855674050017903,0.06388207190404621,0.18487370357979258
"linear,quadratic,product",2.0,0.8779831416814474,0.8158893683436013,0.02234486343673091,0.06209377333784624,0.1858941117430579
"linear,quadratic,product",3.0,0.8773859277075466,0.816017317042937,0.021634416405840576,0.06136861066460958,0.18385747741719638
"linear,quadratic,product",4.0,0.8772245787563953,0.8160952084767863,0.02162901550918613,0.06112937027960902,0.1828370692539311
"linear,quadratic,hinge,product",0.5,0.9000068592259546,0.8095915080939469,0.02924738088214315,0.09041535113200772,0.25726831716293075
"linear,quadratic,hinge,product",1.0,0.8985579131843557,0.814138893023085,0.027325540438380102,0.0844190201612709,0.24195383071261292
"linear,quadratic,hinge,product",1.5,0.8979056399307819,0.8147003806721771,0.026658261659127373,0.08320525925860478,0.23991719638675144
"linear,quadratic,hinge,product",2.0,0.8976276259399368,0.8147843541793369,0.026082977190673814,0.08284327176060002,0.23890097022415524
"linear,quadratic,hinge,product",3.0,0.8973072721316895,0.8147417599297238,0.02606877136530978,0.08256551220196581,0.23890515222482434
"linear,quadratic,hinge,product",4.0,0.8971623591346248,0.814861408172556,0.026035863912441105,0.08230095096206891,0.24197892271662763
